1,6.5570634822310065,efectivo
2,14.478842814728374,tarjeta
3,9.476266392295244,tarjeta de compra del Corte Inglés
4,14.42937580508981,tarjeta
5,9.107052978534714,efectivo
6,7.113769804396979,tarjeta
7,8.024146651321942,efectivo
8,16.53723175581685,tarjeta
9,10.670997933726927,tarjeta de compra del Corte Inglés
10,17.441256038627234,tarjeta
11,13.832215687291885,efectivo
12,9.738712558756507,tarjeta
13,13.188909703474778,efectivo
14,17.805377803890142,tarjeta
15,7.441432448710034,tarjeta de compra del Corte Inglés
16,13.301793015893503,tarjeta
17,13.41858338538241,efectivo
18,10.819061698807873,tarjeta
19,12.137189008195584,efectivo
20,17.686165135916013,tarjeta
21,17.961397952716545,tarjeta de compra del Corte Inglés
22,18.423310733975722,tarjeta
23,9.601660868582968,efectivo
24,13.363825914543032,tarjeta
25,7.938239697991847,efectivo
26,18.543606283026357,tarjeta
27,17.036580614269337,tarjeta de compra del Corte Inglés
28,18.32898498909784,tarjeta
29,10.709817570698645,efectivo
30,5.037301124890245,tarjeta
31,9.779116971829968,efectivo
32,19.72500161004508,tarjeta
33,13.472142732828383,tarjeta de compra del Corte Inglés
34,9.960784016598318,tarjeta
35,16.104426945978883,efectivo
36,17.960385557517093,tarjeta
37,10.213227599172376,efectivo
38,18.488899567987204,tarjeta
39,15.298106015122125,tarjeta de compra del Corte Inglés
40,5.098989564843172,tarjeta
41,14.391086460885528,efectivo
42,16.091581734881572,tarjeta
43,11.190153077626505,efectivo
44,13.191358024434678,tarjeta
45,14.785878217060175,tarjeta de compra del Corte Inglés
46,19.81385180859682,tarjeta
47,11.169221769254296,efectivo
48,12.564774444273002,tarjeta
49,16.29057540422667,efectivo
50,15.715313435467394,tarjeta
51,15.241821772456356,tarjeta de compra del Corte Inglés
52,14.908893106129955,tarjeta
53,10.934797739451827,efectivo
54,12.703965919669095,tarjeta
55,10.965787396288567,efectivo
56,6.281927638883705,tarjeta
57,17.185487433861148,tarjeta de compra del Corte Inglés
58,14.146642476352415,tarjeta
59,8.0707276931908,efectivo
60,15.919197185599423,tarjeta
61,7.5358674637807415,efectivo
62,12.754563415339433,tarjeta
63,16.280314930918344,tarjeta de compra del Corte Inglés
64,17.95142253371624,tarjeta
65,10.580650580723656,efectivo
66,6.327484748376564,tarjeta
67,6.272180717941092,efectivo
68,14.834503676949508,tarjeta
69,19.18073978236106,tarjeta de compra del Corte Inglés
70,6.993606654813712,tarjeta
71,11.850821420724497,efectivo
72,13.455585162473863,tarjeta
73,5.944684277735472,efectivo
74,14.604885982574578,tarjeta
75,16.267321696762775,tarjeta de compra del Corte Inglés
76,17.512065810181515,tarjeta
77,16.09693201405178,efectivo
78,5.938599189679833,tarjeta
79,7.196855035058775,efectivo
80,17.860779987026127,tarjeta
81,10.864436284307622,tarjeta de compra del Corte Inglés
82,5.3159650678632735,tarjeta
83,18.180813145935936,efectivo
84,16.10393049299106,tarjeta
85,11.793450368400325,efectivo
86,9.177348164040001,tarjeta
87,19.355065732705878,tarjeta de compra del Corte Inglés
88,5.716420540283406,tarjeta
89,12.907374093167665,efectivo
90,17.05102201588883,tarjeta
91,12.019254138452268,efectivo
92,9.526084915456696,tarjeta
93,13.33427705382518,tarjeta de compra del Corte Inglés
94,9.21868776750373,tarjeta
95,15.054168992434942,efectivo
96,12.33389785560205,tarjeta
97,17.969259947454702,efectivo
98,12.215898313384063,tarjeta
99,11.365155294025271,tarjeta de compra del Corte Inglés
100,12.905567395854442,tarjeta
101,12.892074831431422,efectivo
102,12.109253185711903,tarjeta
103,14.419146919599548,efectivo
104,10.479024802660419,tarjeta
105,10.634465921031461,tarjeta de compra del Corte Inglés
106,17.26468885765346,tarjeta
107,8.551322344794528,efectivo
108,7.314139609649528,tarjeta
109,7.984444819986459,efectivo
110,12.062401254464149,tarjeta
111,7.044525733406656,tarjeta de compra del Corte Inglés
112,15.661584894376219,tarjeta
113,5.826262101512789,efectivo
114,10.72389489191664,tarjeta
115,14.030493679530686,efectivo
116,9.84711292924791,tarjeta
117,11.545084142298837,tarjeta de compra del Corte Inglés
118,11.095370503122474,tarjeta
119,10.026580318260063,efectivo
120,16.955583126011803,tarjeta
121,19.774431087956913,efectivo
122,11.879115012712447,tarjeta
123,6.405068607847658,tarjeta de compra del Corte Inglés
124,12.855922775556376,tarjeta
125,16.73218916505261,efectivo
126,13.42077623456984,tarjeta
127,16.294302273348457,efectivo
128,9.033791099075337,tarjeta
129,17.07754351909945,tarjeta de compra del Corte Inglés
130,16.745364671922836,tarjeta
131,8.331779458579529,efectivo
132,9.893041585518215,tarjeta
133,5.126444328576233,efectivo
134,18.088529415841784,tarjeta
135,5.328982926194597,tarjeta de compra del Corte Inglés
136,14.85017940905738,tarjeta
137,14.387247285282902,efectivo
138,16.692122921999335,tarjeta
139,12.266142130413284,efectivo
140,14.677829772850075,tarjeta
141,15.72094287739206,tarjeta de compra del Corte Inglés
142,7.124280279369135,tarjeta
143,12.11224517388547,efectivo
144,7.153834131717833,tarjeta
145,14.991906145790052,efectivo
146,8.84419313891378,tarjeta
147,8.7615372031064,tarjeta de compra del Corte Inglés
148,13.14191517438826,tarjeta
149,10.855382505510526,efectivo
150,5.160475073673799,tarjeta
151,13.892381093876567,efectivo
152,15.767946028373167,tarjeta
153,7.326936940214042,tarjeta de compra del Corte Inglés
154,16.129478147796895,tarjeta
155,13.787756786174006,efectivo
156,17.362691977366936,tarjeta
157,13.996878986312545,efectivo
158,5.306120716726621,tarjeta
159,13.108823935430928,tarjeta de compra del Corte Inglés
160,6.317472098866654,tarjeta
161,9.189187485819897,efectivo
162,18.594760620858523,tarjeta
163,10.28386910161593,efectivo
164,18.943541131183487,tarjeta
165,8.019743818469355,tarjeta de compra del Corte Inglés
166,9.75135216105576,tarjeta
167,8.564611992379588,efectivo
168,19.8390575438779,tarjeta
169,8.182697755766482,efectivo
170,16.360580790649912,tarjeta
171,7.910238771536039,tarjeta de compra del Corte Inglés
172,18.149355751139996,tarjeta
173,16.386565940258176,efectivo
174,17.352896888538453,tarjeta
175,15.686678891475614,efectivo
176,16.456816982943458,tarjeta
177,12.673189671146224,tarjeta de compra del Corte Inglés
178,13.336309165543222,tarjeta
179,8.714548884012677,efectivo
180,8.855973405957426,tarjeta
181,13.382944549551306,efectivo
182,19.196528102962006,tarjeta
183,15.463818297538205,tarjeta de compra del Corte Inglés
184,10.057565113260349,tarjeta
185,11.278628436987706,efectivo
186,14.566502602451113,tarjeta
187,15.176669848871198,efectivo
188,13.122105166797821,tarjeta
189,18.308216099322177,tarjeta de compra del Corte Inglés
190,6.882599808941136,tarjeta
191,15.402164386940191,efectivo
192,19.64909263815903,tarjeta
193,17.67320086693715,efectivo
194,13.829646676320976,tarjeta
195,10.84721429943619,tarjeta de compra del Corte Inglés
196,7.942355598240234,tarjeta
197,12.274516582734382,efectivo
198,17.030762833110963,tarjeta
199,19.588035755359314,efectivo
200,11.835079550215745,tarjeta
201,6.232049044656867,tarjeta de compra del Corte Inglés
202,11.860364990075777,tarjeta
203,12.544626739951797,efectivo
204,10.489928821605012,tarjeta
205,10.016528324386236,efectivo
206,14.249948829453809,tarjeta
207,8.697981987931161,tarjeta de compra del Corte Inglés
208,12.590239697992784,tarjeta
209,12.794112254490145,efectivo
210,19.31620182905599,tarjeta
211,11.825649318163176,efectivo
212,6.907610919517306,tarjeta
213,7.864247362634947,tarjeta de compra del Corte Inglés
214,18.569720542368163,tarjeta
215,19.545877763756433,efectivo
216,15.269293527000979,tarjeta
217,18.570411617875912,efectivo
218,17.36006338574171,tarjeta
219,17.194008734710103,tarjeta de compra del Corte Inglés
220,13.455628841246376,tarjeta
221,12.78112432761035,efectivo
222,17.07907950441011,tarjeta
223,12.506911881286111,efectivo
224,5.533358118248543,tarjeta
225,18.975126903542588,tarjeta de compra del Corte Inglés
226,17.479416470975856,tarjeta
227,7.262163545410315,efectivo
228,7.5749721661567175,tarjeta
229,16.119912999944276,efectivo
230,13.268826424830541,tarjeta
231,13.908309706290831,tarjeta de compra del Corte Inglés
232,7.627350632659605,tarjeta
233,7.906808106350251,efectivo
234,5.913334519574688,tarjeta
235,13.830964579434523,efectivo
236,10.17477643194438,tarjeta
237,19.49857889603188,tarjeta de compra del Corte Inglés
238,16.323568910358382,tarjeta
239,19.22663497607483,efectivo
240,15.191999537385845,tarjeta
241,16.757063774977052,efectivo
242,11.808487012578816,tarjeta
243,17.602061582721632,tarjeta de compra del Corte Inglés
244,19.202359637653814,tarjeta
245,13.948605082336243,efectivo
246,16.359466074658982,tarjeta
247,16.681518514096165,efectivo
248,18.544056481292067,tarjeta
249,6.17407147728668,tarjeta de compra del Corte Inglés
250,16.975166706137955,tarjeta
251,17.987910038981987,efectivo
252,8.304507610663494,tarjeta
253,12.238043205962835,efectivo
254,10.353809260025002,tarjeta
255,14.565649395093642,tarjeta de compra del Corte Inglés
256,14.108300401671348,tarjeta
257,12.35825428347092,efectivo
258,13.86444553662329,tarjeta
259,12.234210718843581,efectivo
260,13.13859884180723,tarjeta
261,13.021651526122268,tarjeta de compra del Corte Inglés
262,12.26252943355729,tarjeta
263,19.400878908849904,efectivo
264,5.43493421730411,tarjeta
265,8.417467202940841,efectivo
266,12.137555044823966,tarjeta
267,12.819639374009014,tarjeta de compra del Corte Inglés
268,16.642165707165265,tarjeta
269,19.22046312808345,efectivo
270,14.571723664111866,tarjeta
271,5.760281021076839,efectivo
272,8.985958202083266,tarjeta
273,10.05903443757554,tarjeta de compra del Corte Inglés
274,7.948586323893753,tarjeta
275,10.847697003562743,efectivo
276,8.31948435707269,tarjeta
277,11.783131133377408,efectivo
278,7.279298730103981,tarjeta
279,12.346007497853503,tarjeta de compra del Corte Inglés
280,6.624124082357185,tarjeta
281,13.64598462830452,efectivo
282,8.81159874014057,tarjeta
283,6.895532633119561,efectivo
284,11.353786502841853,tarjeta
285,8.73138972926434,tarjeta de compra del Corte Inglés
286,14.052823035099598,tarjeta
287,7.6627884329013645,efectivo
288,15.488053840453901,tarjeta
289,18.394827975117813,efectivo
290,15.673237460466865,tarjeta
291,9.534580545100955,tarjeta de compra del Corte Inglés
292,10.1036877286792,tarjeta
293,13.141980848709212,efectivo
294,19.059678734556254,tarjeta
295,12.376916008850952,efectivo
296,14.68712559115768,tarjeta
297,13.242215143163778,tarjeta de compra del Corte Inglés
298,17.561945571033522,tarjeta
299,10.487853730787744,efectivo
300,14.292426565121614,tarjeta
301,17.467384318050122,efectivo
302,6.715612067924873,tarjeta
303,9.200560108369242,tarjeta de compra del Corte Inglés
304,11.999714872191031,tarjeta
305,7.657825970100974,efectivo
306,12.934874285475269,tarjeta
307,9.138740084542695,efectivo
308,19.948506381022398,tarjeta
309,10.347698733154466,tarjeta de compra del Corte Inglés
310,10.347772346611324,tarjeta
311,14.891255282682494,efectivo
312,12.508385110052677,tarjeta
313,9.430829787262066,efectivo
314,15.593575127342218,tarjeta
315,12.856144116679914,tarjeta de compra del Corte Inglés
316,5.906336006792513,tarjeta
317,10.816017698528324,efectivo
318,9.518334574524122,tarjeta
319,17.706406464018077,efectivo
320,14.85562577230709,tarjeta
321,6.207259446584581,tarjeta de compra del Corte Inglés
322,6.789575908714885,tarjeta
323,18.350814782163127,efectivo
324,18.42545991658156,tarjeta
325,8.549639414201286,efectivo
326,14.504799392709609,tarjeta
327,12.4026543823632,tarjeta de compra del Corte Inglés
328,14.553725597429684,tarjeta
329,11.30564745963032,efectivo
330,8.890929418809193,tarjeta
331,13.027710359995439,efectivo
332,10.236974887932384,tarjeta
333,7.569462403237875,tarjeta de compra del Corte Inglés
334,5.183064095455255,tarjeta
335,8.61994594964866,efectivo
336,12.532379301544589,tarjeta
337,13.088263323163083,efectivo
338,9.730828709650499,tarjeta
339,9.049236398375527,tarjeta de compra del Corte Inglés
340,19.075726313526708,tarjeta
341,14.539902570730094,efectivo
342,10.309358521121087,tarjeta
343,12.24015314220575,efectivo
344,15.85762040581839,tarjeta
345,15.915297867156227,tarjeta de compra del Corte Inglés
346,10.509387168605993,tarjeta
347,6.574204866515252,efectivo
348,14.506873819239622,tarjeta
349,11.571679581497728,efectivo
350,16.94713855925154,tarjeta
351,13.060083074154218,tarjeta de compra del Corte Inglés
352,6.305672213600343,tarjeta
353,19.4593387288416,efectivo
354,8.869670224055815,tarjeta
355,11.387358239544483,efectivo
356,5.605426627436395,tarjeta
357,17.179817023323793,tarjeta de compra del Corte Inglés
358,18.53503387119543,tarjeta
359,15.868726480606767,efectivo
360,6.2253128220750655,tarjeta
361,11.90747865359916,efectivo
362,17.519079667959982,tarjeta
363,10.884300063634285,tarjeta de compra del Corte Inglés
364,15.797336866866214,tarjeta
365,12.7991973021531,efectivo
366,18.84193843071413,tarjeta
367,5.768582497723508,efectivo
368,14.872346309276848,tarjeta
369,11.328404190818738,tarjeta de compra del Corte Inglés
370,12.517178447429872,tarjeta
371,11.12667651007529,efectivo
372,14.920747803566321,tarjeta
373,11.010017635979386,efectivo
374,7.80534484039531,tarjeta
375,12.330907517295412,tarjeta de compra del Corte Inglés
376,12.149775869472915,tarjeta
377,13.231804138600463,efectivo
378,9.101052773989093,tarjeta
379,16.432456165136493,efectivo
380,7.315989776238292,tarjeta
381,5.375487311537986,tarjeta de compra del Corte Inglés
382,18.999008236384544,tarjeta
383,5.924734608310739,efectivo
384,5.437270255453813,tarjeta
385,6.097444523114303,efectivo
386,16.669304878809214,tarjeta
387,16.716144853090405,tarjeta de compra del Corte Inglés
388,13.50291466378085,tarjeta
389,10.544115588014652,efectivo
390,7.226039954941255,tarjeta
391,8.309498207414588,efectivo
392,8.94351874194472,tarjeta
393,10.40125181341806,tarjeta de compra del Corte Inglés
394,18.295770021602685,tarjeta
395,6.543785086162743,efectivo
396,16.754170944413858,tarjeta
397,15.018928735506908,efectivo
398,8.483522025990586,tarjeta
399,8.331118058548999,tarjeta de compra del Corte Inglés
400,13.765068539126156,tarjeta
401,10.41575082227826,efectivo
402,18.89405074618223,tarjeta
403,18.617583309038856,efectivo
404,9.623001568657259,tarjeta
405,17.745962798480743,tarjeta de compra del Corte Inglés
406,13.294734061757056,tarjeta
407,12.31137833302956,efectivo
408,10.58523618244045,tarjeta
409,11.812198211482242,efectivo
410,14.903962996197457,tarjeta
411,8.155004585160103,tarjeta de compra del Corte Inglés
412,9.234167711428018,tarjeta
413,8.424373142409383,efectivo
414,8.155092881624482,tarjeta
415,7.470451104721495,efectivo
416,10.696691409779586,tarjeta
417,11.841755928770434,tarjeta de compra del Corte Inglés
418,12.120987642851503,tarjeta
419,13.377182474549468,efectivo
420,18.896589230939405,tarjeta
421,10.190510391322091,efectivo
422,13.587889847544155,tarjeta
423,10.472405364230466,tarjeta de compra del Corte Inglés
424,14.78130047012366,tarjeta
425,17.623050747536446,efectivo
426,12.039821479314924,tarjeta
427,16.07148788547169,efectivo
428,7.346293165001239,tarjeta
429,7.078297220685879,tarjeta de compra del Corte Inglés
430,11.055926809929318,tarjeta
431,16.933543035420165,efectivo
432,17.630829945175897,tarjeta
433,11.81346144245624,efectivo
434,10.833121121880918,tarjeta
435,9.943097608868706,tarjeta de compra del Corte Inglés
436,10.678267015616985,tarjeta
437,17.408260195455178,efectivo
438,14.725141785086926,tarjeta
439,16.483411560075133,efectivo
440,5.7420988103744275,tarjeta
441,8.691474743052082,tarjeta de compra del Corte Inglés
442,13.836531525646219,tarjeta
443,8.220408217773667,efectivo
444,15.775810275891851,tarjeta
445,8.007551676505866,efectivo
446,7.826317552773805,tarjeta
447,16.718332390605323,tarjeta de compra del Corte Inglés
448,13.470175234719674,tarjeta
449,17.42746199191253,efectivo
450,12.161098477973345,tarjeta
451,10.729140622751357,efectivo
452,7.795976144523243,tarjeta
453,7.913310732629412,tarjeta de compra del Corte Inglés
454,7.110966865378512,tarjeta
455,8.137289703951629,efectivo
456,7.1732133336310975,tarjeta
457,18.07021016174061,efectivo
458,6.804152642446224,tarjeta
459,14.399974818839354,tarjeta de compra del Corte Inglés
460,13.01969855826834,tarjeta
461,18.96170467506733,efectivo
462,12.647489580731472,tarjeta
463,15.900025046835253,efectivo
464,15.532519556990877,tarjeta
465,14.526559493227545,tarjeta de compra del Corte Inglés
466,19.37976105205503,tarjeta
467,19.92456313252286,efectivo
468,17.125198164040867,tarjeta
469,14.414996240206902,efectivo
470,8.953694851251148,tarjeta
471,12.997178090437874,tarjeta de compra del Corte Inglés
472,12.981446050003726,tarjeta
473,7.561485766513896,efectivo
474,17.33984290029499,tarjeta
475,6.024763627633009,efectivo
476,17.693262025755608,tarjeta
477,5.52897792565968,tarjeta de compra del Corte Inglés
478,7.2117806639436886,tarjeta
479,13.172322669175546,efectivo
480,11.926703239480766,tarjeta
481,19.59597399205872,efectivo
482,15.307038041081533,tarjeta
483,11.54993516142036,tarjeta de compra del Corte Inglés
484,8.50298744657022,tarjeta
485,9.713120852276564,efectivo
486,17.06186643441411,tarjeta
487,5.68573504065065,efectivo
488,13.195685742174067,tarjeta
489,6.8300261157856506,tarjeta de compra del Corte Inglés
490,17.890425828477518,tarjeta
491,19.367142790492014,efectivo
492,11.926586378023547,tarjeta
493,12.685776416318447,efectivo
494,5.220170837647747,tarjeta
495,12.759744994308097,tarjeta de compra del Corte Inglés
496,7.893404183045945,tarjeta
497,7.968146730358778,efectivo
498,13.105186618689707,tarjeta
499,14.75911445907055,efectivo
500,9.48184582586185,tarjeta
501,5.776783356995532,tarjeta de compra del Corte Inglés
502,6.917930913996149,tarjeta
503,14.295508869295565,efectivo
504,17.602620261102107,tarjeta
505,12.574650616803087,efectivo
506,19.267300324327657,tarjeta
507,9.794790181429711,tarjeta de compra del Corte Inglés
508,14.35083278918383,tarjeta
509,18.279812133347896,efectivo
510,19.90715318026296,tarjeta
511,13.20104829177269,efectivo
512,13.610771727461248,tarjeta
513,10.836136667115824,tarjeta de compra del Corte Inglés
514,11.984374678658334,tarjeta
515,8.887313926937832,efectivo
516,8.42344305425071,tarjeta
517,8.506800688543619,efectivo
518,19.529292225530398,tarjeta
519,8.420402297589625,tarjeta de compra del Corte Inglés
520,9.59729165408881,tarjeta
521,15.258468771080983,efectivo
522,11.61369726457351,tarjeta
523,14.50430573152664,efectivo
524,10.174382491350913,tarjeta
525,5.946821206917999,tarjeta de compra del Corte Inglés
526,17.092951209659255,tarjeta
527,6.503733186059902,efectivo
528,10.964902958173331,tarjeta
529,13.575612353005573,efectivo
530,15.30860698348835,tarjeta
531,10.745260332461518,tarjeta de compra del Corte Inglés
532,18.4321798407895,tarjeta
533,15.681719760130862,efectivo
534,12.556695161996009,tarjeta
535,11.308229412158326,efectivo
536,17.748495578058307,tarjeta
537,10.897666806313666,tarjeta de compra del Corte Inglés
538,16.52427533085089,tarjeta
539,16.250917338064376,efectivo
540,15.848820418702864,tarjeta
541,9.960876606151253,efectivo
542,11.263076080327,tarjeta
543,10.169652009597865,tarjeta de compra del Corte Inglés
544,11.785165589327264,tarjeta
545,7.87543703554018,efectivo
546,13.603995276896256,tarjeta
547,16.659444870675642,efectivo
548,9.628594923144359,tarjeta
549,5.587427584583303,tarjeta de compra del Corte Inglés
550,8.219956592541017,tarjeta
551,8.634366399253063,efectivo
552,12.579023992231168,tarjeta
553,5.408890947424247,efectivo
554,17.817065548875046,tarjeta
555,10.574280018125801,tarjeta de compra del Corte Inglés
556,15.824763388218711,tarjeta
557,19.518292025109673,efectivo
558,12.175231516316426,tarjeta
559,19.59170439900325,efectivo
560,5.044359935232584,tarjeta
561,10.176845318333081,tarjeta de compra del Corte Inglés
562,14.969372695496773,tarjeta
563,16.758472167075226,efectivo
564,17.26261539094193,tarjeta
565,13.83035174763861,efectivo
566,5.481040226023156,tarjeta
567,6.396497507152133,tarjeta de compra del Corte Inglés
568,11.060752359534497,tarjeta
569,19.01522118002213,efectivo
570,18.457755265297823,tarjeta
571,14.020369759525096,efectivo
572,18.89753471699038,tarjeta
573,19.95512087123681,tarjeta de compra del Corte Inglés
574,9.49355966266537,tarjeta
575,8.32163063408676,efectivo
576,10.5237308108636,tarjeta
577,8.92121729769138,efectivo
578,10.389251473846429,tarjeta
579,14.005498669273509,tarjeta de compra del Corte Inglés
580,13.166651042878804,tarjeta
581,5.83425648661093,efectivo
582,9.004476595749361,tarjeta
583,5.430452325190427,efectivo
584,6.324569456850867,tarjeta
585,8.210741429480336,tarjeta de compra del Corte Inglés
586,6.136319050083781,tarjeta
587,5.859470392686749,efectivo
588,16.64267890586282,tarjeta
589,13.39824845635669,efectivo
590,17.950231319835346,tarjeta
591,13.708895231779643,tarjeta de compra del Corte Inglés
592,6.442817179694671,tarjeta
593,13.106444029806827,efectivo
594,16.44912427812414,tarjeta
595,10.476768138801127,efectivo
596,13.048533559904213,tarjeta
597,17.520632921561663,tarjeta de compra del Corte Inglés
598,17.39512413034162,tarjeta
599,5.047138961524949,efectivo
600,15.085151246969266,tarjeta
601,12.783701126490746,efectivo
602,14.995991495263333,tarjeta
603,5.800254042267178,tarjeta de compra del Corte Inglés
604,16.441321865579056,tarjeta
605,11.350078843092927,efectivo
606,10.534381790501698,tarjeta
607,15.410668953366912,efectivo
608,8.554149718912953,tarjeta
609,14.651885557891157,tarjeta de compra del Corte Inglés
610,7.9531092802075705,tarjeta
611,13.386237649283396,efectivo
612,7.12429725347355,tarjeta
613,16.67268109204339,efectivo
614,8.213275669318914,tarjeta
615,13.290569878633567,tarjeta de compra del Corte Inglés
616,10.280579594549025,tarjeta
617,10.398273635274034,efectivo
618,6.014584480513252,tarjeta
619,10.199955717312468,efectivo
620,6.595376126636574,tarjeta
621,6.706815117362229,tarjeta de compra del Corte Inglés
622,17.20838641548634,tarjeta
623,19.272899054984848,efectivo
624,8.202789484727395,tarjeta
625,7.071927869502224,efectivo
626,17.943939977973564,tarjeta
627,8.356300237724655,tarjeta de compra del Corte Inglés
628,6.59080641801448,tarjeta
629,17.482887263936785,efectivo
630,17.267108076462268,tarjeta
631,11.316982286445075,efectivo
632,16.426804149716112,tarjeta
633,11.23490495068043,tarjeta de compra del Corte Inglés
634,8.538148793805778,tarjeta
635,19.270643045780645,efectivo
636,11.032586674265486,tarjeta
637,7.710332081113849,efectivo
638,6.6514852983232355,tarjeta
639,9.082477727907817,tarjeta de compra del Corte Inglés
640,16.850712706915864,tarjeta
641,7.958126155326794,efectivo
642,7.625297414889843,tarjeta
643,12.43459985031008,efectivo
644,18.4382226938419,tarjeta
645,5.784194830000041,tarjeta de compra del Corte Inglés
646,19.682477968448158,tarjeta
647,14.395050746167646,efectivo
648,15.186946616980803,tarjeta
649,10.189258810910319,efectivo
650,5.466976642606422,tarjeta
651,12.781575900769134,tarjeta de compra del Corte Inglés
652,16.101423108222534,tarjeta
653,6.33364527686986,efectivo
654,8.530747271931617,tarjeta
655,13.690501911343192,efectivo
656,14.566036906985946,tarjeta
657,17.769948786293476,tarjeta de compra del Corte Inglés
658,8.686486028243694,tarjeta
659,19.356939812070703,efectivo
660,16.102320151872654,tarjeta
661,12.464768245337126,efectivo
662,10.250056070916674,tarjeta
663,12.02719567285309,tarjeta de compra del Corte Inglés
664,13.655450650479311,tarjeta
665,14.129753420230168,efectivo
666,19.59395299048873,tarjeta
667,16.757664523868016,efectivo
668,16.955815333433243,tarjeta
669,8.59997019733724,tarjeta de compra del Corte Inglés
670,18.79937880709105,tarjeta
671,12.006628165771744,efectivo
672,19.97709269853902,tarjeta
673,12.434110497868742,efectivo
674,5.529455472940609,tarjeta
675,9.556285826240074,tarjeta de compra del Corte Inglés
676,18.456641282858712,tarjeta
677,12.566351450648156,efectivo
678,5.54981126608671,tarjeta
679,19.691983825142103,efectivo
680,12.85707480508905,tarjeta
681,16.713694587308304,tarjeta de compra del Corte Inglés
682,18.595245325606136,tarjeta
683,13.674016869666197,efectivo
684,11.029731775653929,tarjeta
685,14.335380061994927,efectivo
686,10.522378421511895,tarjeta
687,13.364519365830967,tarjeta de compra del Corte Inglés
688,19.191338252352523,tarjeta
689,7.252501151782476,efectivo
690,14.898162944696079,tarjeta
691,17.417862944508997,efectivo
692,14.64449824972852,tarjeta
693,17.566220224468328,tarjeta de compra del Corte Inglés
694,5.352832597253655,tarjeta
695,9.707622905605994,efectivo
696,18.960729325728522,tarjeta
697,18.26200025002862,efectivo
698,6.173340242924015,tarjeta
699,18.64658400034858,tarjeta de compra del Corte Inglés
700,6.101601351499152,tarjeta
701,13.855051543578494,efectivo
702,12.729532677946375,tarjeta
703,5.758388241883227,efectivo
704,16.179118102560988,tarjeta
705,19.6187083988024,tarjeta de compra del Corte Inglés
706,10.410282372866977,tarjeta
707,8.280344384762829,efectivo
708,12.250816609068767,tarjeta
709,8.342726788014776,efectivo
710,10.80050141186895,tarjeta
711,13.716551277513215,tarjeta de compra del Corte Inglés
712,14.708155769013405,tarjeta
713,8.192518510197669,efectivo
714,6.85242404624427,tarjeta
715,14.11889604255063,efectivo
716,5.448581763285173,tarjeta
717,9.0831099556095,tarjeta de compra del Corte Inglés
718,9.795756341790504,tarjeta
719,19.450631400022353,efectivo
720,17.122264841072685,tarjeta
721,13.043133236728984,efectivo
722,14.491254783228374,tarjeta
723,7.683137448960769,tarjeta de compra del Corte Inglés
724,6.3138249662665515,tarjeta
725,16.32444012716133,efectivo
726,16.86100079094993,tarjeta
727,14.29111910998336,efectivo
728,18.557452474754037,tarjeta
729,7.511942866182551,tarjeta de compra del Corte Inglés
730,11.926104576054708,tarjeta
731,5.544893065060076,efectivo
732,7.590666854373135,tarjeta
733,6.606063730926949,efectivo
734,13.848778151040166,tarjeta
735,13.45055907317791,tarjeta de compra del Corte Inglés
736,16.22754604715471,tarjeta
737,9.986699245921852,efectivo
738,5.210684636320278,tarjeta
739,10.359758606288677,efectivo
740,11.676585088135187,tarjeta
741,15.32287901405603,tarjeta de compra del Corte Inglés
742,16.563173999484363,tarjeta
743,8.160365086600839,efectivo
744,14.041440634634908,tarjeta
745,13.866316932128704,efectivo
746,14.057479515862491,tarjeta
747,10.56785009505473,tarjeta de compra del Corte Inglés
748,13.124643195054581,tarjeta
749,5.159835679054407,efectivo
750,17.704167616494214,tarjeta
751,12.364218703419247,efectivo
752,5.504953434701419,tarjeta
753,6.003157625773077,tarjeta de compra del Corte Inglés
754,5.521078229809454,tarjeta
755,6.477307911628027,efectivo
756,16.178369290304957,tarjeta
757,6.54883784014009,efectivo
758,9.507722011304693,tarjeta
759,8.557886554072757,tarjeta de compra del Corte Inglés
760,11.840878222392337,tarjeta
761,6.650134566969097,efectivo
762,18.031546594904654,tarjeta
763,19.195394372978413,efectivo
764,16.1478859524542,tarjeta
765,15.050385769743416,tarjeta de compra del Corte Inglés
766,15.827706987276843,tarjeta
767,6.115310232043665,efectivo
768,16.01083678763647,tarjeta
769,7.689982555950702,efectivo
770,17.398926064764417,tarjeta
771,12.622031471711345,tarjeta de compra del Corte Inglés
772,12.18587872913232,tarjeta
773,19.312309172123186,efectivo
774,7.1557500549569495,tarjeta
775,9.190802105102607,efectivo
776,12.072513850621881,tarjeta
777,19.67403619553589,tarjeta de compra del Corte Inglés
778,5.159958928238202,tarjeta
779,7.470618981127158,efectivo
780,17.772001308765837,tarjeta
781,12.007929354248052,efectivo
782,10.825107599368293,tarjeta
783,10.037198573625616,tarjeta de compra del Corte Inglés
784,18.05588056003305,tarjeta
785,6.947863476176279,efectivo
786,18.38813018167196,tarjeta
787,10.030982129006668,efectivo
788,8.964307627269546,tarjeta
789,19.905996660668585,tarjeta de compra del Corte Inglés
790,12.3946527870045,tarjeta
791,7.329810507034613,efectivo
792,9.291986030392318,tarjeta
793,18.89109383394096,efectivo
794,8.838122476724685,tarjeta
795,12.139287369769043,tarjeta de compra del Corte Inglés
796,9.226309951645105,tarjeta
797,12.97474803036287,efectivo
798,12.959068707245791,tarjeta
799,7.8360162332281575,efectivo
800,17.87792571140257,tarjeta
801,19.04878880835967,tarjeta de compra del Corte Inglés
802,13.045774119262298,tarjeta
803,7.569771993084607,efectivo
804,18.38824929782251,tarjeta
805,6.172423777964872,efectivo
806,10.881346698187187,tarjeta
807,18.520340053057133,tarjeta de compra del Corte Inglés
808,17.711566827837757,tarjeta
809,12.681694765750475,efectivo
810,8.754639091429176,tarjeta
811,18.813133362904605,efectivo
812,7.051178230522346,tarjeta
813,11.326594827604904,tarjeta de compra del Corte Inglés
814,10.193679580945734,tarjeta
815,9.924861542953433,efectivo
816,13.279634430218913,tarjeta
817,12.012725703198228,efectivo
818,11.790236725488704,tarjeta
819,11.956417601778966,tarjeta de compra del Corte Inglés
820,6.492447655134059,tarjeta
821,10.254635590216594,efectivo
822,11.662844499776519,tarjeta
823,15.4147956002812,efectivo
824,19.13274757079504,tarjeta
825,12.197015934085128,tarjeta de compra del Corte Inglés
826,11.253091454396316,tarjeta
827,16.129254743769913,efectivo
828,12.881189267485102,tarjeta
829,19.027693377263567,efectivo
830,6.266168780101895,tarjeta
831,9.629091735521243,tarjeta de compra del Corte Inglés
832,10.730998527989264,tarjeta
833,19.79289055858098,efectivo
834,19.65164993242027,tarjeta
835,17.731281623695743,efectivo
836,13.362391194707756,tarjeta
837,17.03049412384732,tarjeta de compra del Corte Inglés
838,9.574174284094672,tarjeta
839,8.225894465756227,efectivo
840,6.093670740558593,tarjeta
841,14.261093184718266,efectivo
842,8.346173827358196,tarjeta
843,13.40559919073638,tarjeta de compra del Corte Inglés
844,10.318158828354495,tarjeta
845,13.219329390937851,efectivo
846,14.285991999539078,tarjeta
847,9.762706272768613,efectivo
848,6.43669072156049,tarjeta
849,11.769617127079098,tarjeta de compra del Corte Inglés
850,12.424700606806523,tarjeta
851,9.473105625893794,efectivo
852,13.864751565687587,tarjeta
853,15.730568554760914,efectivo
854,11.91364133578181,tarjeta
855,19.301101350465338,tarjeta de compra del Corte Inglés
856,7.731402349058658,tarjeta
857,14.33148435434356,efectivo
858,17.88216492033669,tarjeta
859,14.292547369231874,efectivo
860,6.393996959783985,tarjeta
861,19.74203835911557,tarjeta de compra del Corte Inglés
862,13.361268209429916,tarjeta
863,7.075828587456083,efectivo
864,13.86826293873334,tarjeta
865,6.052813830619487,efectivo
866,12.723775917520387,tarjeta
867,13.76113871236158,tarjeta de compra del Corte Inglés
868,6.7176652830302945,tarjeta
869,12.23961742669335,efectivo
870,16.895434940744607,tarjeta
871,19.318153015327503,efectivo
872,15.859051171709252,tarjeta
873,12.018525198183823,tarjeta de compra del Corte Inglés
874,17.36374455652091,tarjeta
875,13.920585021297368,efectivo
876,5.1234108102733735,tarjeta
877,11.091384440652835,efectivo
878,10.752557272733519,tarjeta
879,17.073276291855702,tarjeta de compra del Corte Inglés
880,10.261183488798705,tarjeta
881,14.093019334796876,efectivo
882,18.44045166108589,tarjeta
883,13.383358792287508,efectivo
884,9.400859808716191,tarjeta
885,9.581666586692393,tarjeta de compra del Corte Inglés
886,11.37957851640537,tarjeta
887,12.60167863241811,efectivo
888,13.75772958326656,tarjeta
889,16.66318095090868,efectivo
890,18.91915513924807,tarjeta
891,12.044072434682255,tarjeta de compra del Corte Inglés
892,10.64645277017031,tarjeta
893,16.307334007673695,efectivo
894,7.0539811633314935,tarjeta
895,11.704230470197993,efectivo
896,19.576723044521042,tarjeta
897,19.101048224438703,tarjeta de compra del Corte Inglés
898,16.103324998153887,tarjeta
899,16.290786813399976,efectivo
900,11.405622549135241,tarjeta
901,9.088678926170385,efectivo
902,10.379222057423323,tarjeta
903,9.060913240957547,tarjeta de compra del Corte Inglés
904,10.183359908252555,tarjeta
905,15.473488938754047,efectivo
906,7.9257057976724266,tarjeta
907,19.681106485853903,efectivo
908,7.46091136020899,tarjeta
909,15.297225298753137,tarjeta de compra del Corte Inglés
910,6.901690684759362,tarjeta
911,17.422995002522523,efectivo
912,9.428680159596087,tarjeta
913,10.77623292715176,efectivo
914,11.640192606754129,tarjeta
915,16.79789697786221,tarjeta de compra del Corte Inglés
916,13.324614445029024,tarjeta
917,9.752818497980407,efectivo
918,10.845281255477785,tarjeta
919,10.248505090378865,efectivo
920,11.088322597906489,tarjeta
921,16.719597719020165,tarjeta de compra del Corte Inglés
922,7.785622228607304,tarjeta
923,6.7494764862672145,efectivo
924,15.244546768484122,tarjeta
925,15.092326916067371,efectivo
926,7.709673777978562,tarjeta
927,6.1208502785216865,tarjeta de compra del Corte Inglés
928,14.474952915346726,tarjeta
929,8.843257973295797,efectivo
930,11.042568329112143,tarjeta
931,6.529118582132334,efectivo
932,9.281526701125392,tarjeta
933,13.262310685896505,tarjeta de compra del Corte Inglés
934,17.22841714638414,tarjeta
935,17.040417205750618,efectivo
936,11.557950145219015,tarjeta
937,10.487397494288835,efectivo
938,8.354236311328712,tarjeta
939,8.198713720135455,tarjeta de compra del Corte Inglés
940,15.767169135962053,tarjeta
941,15.537994666001735,efectivo
942,18.932908659191593,tarjeta
943,6.4290027542409565,efectivo
944,13.773954126206698,tarjeta
945,7.897588939316966,tarjeta de compra del Corte Inglés
946,18.432549811521163,tarjeta
947,12.61143249827373,efectivo
948,10.20058210832899,tarjeta
949,12.220891609216654,efectivo
950,11.318362431271725,tarjeta
951,6.436921275656787,tarjeta de compra del Corte Inglés
952,15.461862379459335,tarjeta
953,19.490746606984352,efectivo
954,5.520524771313377,tarjeta
955,6.138233667874053,efectivo
956,14.392561937461995,tarjeta
957,6.917419478900024,tarjeta de compra del Corte Inglés
958,14.35786189945904,tarjeta
959,7.892624875458833,efectivo
960,19.60586954519858,tarjeta
961,16.059493727508226,efectivo
962,14.032023967226614,tarjeta
963,5.613061961439623,tarjeta de compra del Corte Inglés
964,10.4158786115348,tarjeta
965,14.050855367909111,efectivo
966,8.86058944268159,tarjeta
967,19.98468732705382,efectivo
968,15.320148392854676,tarjeta
969,7.442289755688532,tarjeta de compra del Corte Inglés
970,9.439986052316398,tarjeta
971,15.461575720841767,efectivo
972,18.6702474406222,tarjeta
973,7.00897076654497,efectivo
974,19.920327087528776,tarjeta
975,10.515991961510327,tarjeta de compra del Corte Inglés
976,10.258759628199602,tarjeta
977,14.93665964671667,efectivo
978,9.53422031477853,tarjeta
979,14.728255987151213,efectivo
980,10.120578140549835,tarjeta
981,18.07969275805575,tarjeta de compra del Corte Inglés
982,15.450322326034563,tarjeta
983,11.31996616961961,efectivo
984,14.884389846762769,tarjeta
985,12.482871397729719,efectivo
986,13.91986623738334,tarjeta
987,5.466731111406429,tarjeta de compra del Corte Inglés
988,16.517097707371036,tarjeta
989,10.07713197636729,efectivo
990,14.55061089315865,tarjeta
991,17.178711020412084,efectivo
992,14.27950653337596,tarjeta
993,13.395402382442976,tarjeta de compra del Corte Inglés
994,8.377605374570745,tarjeta
995,7.708167318267436,efectivo
996,11.155938357190061,tarjeta
997,13.310324698594862,efectivo
998,9.20389377174566,tarjeta
999,15.332864050800906,tarjeta de compra del Corte Inglés
1000,11.933528898339901,tarjeta
1001,18.169541991112986,efectivo
1002,9.45672474282387,tarjeta
1003,9.972568334308093,efectivo
1004,6.48878789690043,tarjeta
1005,5.297030465798768,tarjeta de compra del Corte Inglés
1006,11.546059266616508,tarjeta
1007,6.423043395187209,efectivo
1008,8.689603338300405,tarjeta
1009,7.640469873818116,efectivo
1010,13.422121141051896,tarjeta
1011,8.037823448783127,tarjeta de compra del Corte Inglés
1012,8.640189441968088,tarjeta
1013,19.37492914001775,efectivo
1014,17.70744506863908,tarjeta
1015,16.45271410366616,efectivo
1016,8.784580188910995,tarjeta
1017,19.522158528654657,tarjeta de compra del Corte Inglés
1018,17.4263450378063,tarjeta
1019,13.431353265351863,efectivo
1020,12.64109421707455,tarjeta
1021,12.112562479080335,efectivo
1022,12.970932156260801,tarjeta
1023,13.112322247218113,tarjeta de compra del Corte Inglés
1024,13.665787151133841,tarjeta
1025,5.103439197559293,efectivo
1026,14.527769530506381,tarjeta
1027,6.859192624353633,efectivo
1028,15.937250891229654,tarjeta
1029,13.172361566777681,tarjeta de compra del Corte Inglés
1030,11.742969143387645,tarjeta
1031,18.554539334904568,efectivo
1032,13.018186558765583,tarjeta
1033,6.628578582010261,efectivo
1034,17.9259902778143,tarjeta
1035,10.537358277736233,tarjeta de compra del Corte Inglés
1036,16.481034400858274,tarjeta
1037,5.028108867935517,efectivo
1038,9.583615456572105,tarjeta
1039,9.460462082659772,efectivo
1040,16.185518239286328,tarjeta
1041,14.639707464733421,tarjeta de compra del Corte Inglés
1042,8.535537104711047,tarjeta
1043,7.140341131508476,efectivo
1044,10.46529827126404,tarjeta
1045,18.689169652204868,efectivo
1046,13.291698932909604,tarjeta
1047,8.986609946938945,tarjeta de compra del Corte Inglés
1048,5.919017035516455,tarjeta
1049,8.308447743837162,efectivo
1050,18.769001281515493,tarjeta
1051,6.831570302542089,efectivo
1052,8.507854619320247,tarjeta
1053,5.333847926355625,tarjeta de compra del Corte Inglés
1054,18.791183485921948,tarjeta
1055,13.932564233468076,efectivo
1056,15.137298581793694,tarjeta
1057,10.534077512639218,efectivo
1058,14.150666217196637,tarjeta
1059,12.590688469317929,tarjeta de compra del Corte Inglés
1060,17.84516730065429,tarjeta
1061,7.504201060099023,efectivo
1062,5.314837848720178,tarjeta
1063,19.21909443535897,efectivo
1064,6.131010784058391,tarjeta
1065,8.335582367989918,tarjeta de compra del Corte Inglés
1066,18.131738303905117,tarjeta
1067,12.802489451479106,efectivo
1068,16.843856460964105,tarjeta
1069,17.26466031035482,efectivo
1070,18.131300259414516,tarjeta
1071,15.516613263901476,tarjeta de compra del Corte Inglés
1072,15.395838897865172,tarjeta
1073,12.814934256735565,efectivo
1074,14.228269117594026,tarjeta
1075,13.822351798091852,efectivo
1076,11.888605877944622,tarjeta
1077,7.476805398827873,tarjeta de compra del Corte Inglés
1078,10.811634456653383,tarjeta
1079,19.61380502046829,efectivo
1080,11.02746377712442,tarjeta
1081,11.718943025641336,efectivo
1082,18.352866941000954,tarjeta
1083,8.983022336961866,tarjeta de compra del Corte Inglés
1084,15.455070124116887,tarjeta
1085,11.092626601488583,efectivo
1086,6.78146659759987,tarjeta
1087,5.86627044922486,efectivo
1088,8.362064875629223,tarjeta
1089,6.377020084519379,tarjeta de compra del Corte Inglés
1090,12.961285349341333,tarjeta
1091,9.257586482392107,efectivo
1092,12.92636880196562,tarjeta
1093,7.118630216172978,efectivo
1094,18.65480215426504,tarjeta
1095,15.815035066012628,tarjeta de compra del Corte Inglés
1096,18.295958521715697,tarjeta
1097,13.542205941645271,efectivo
1098,8.384988501365553,tarjeta
1099,9.543469977756939,efectivo
1100,19.461771251924286,tarjeta
1101,5.6531209786555365,tarjeta de compra del Corte Inglés
1102,7.5956116181954805,tarjeta
1103,6.814757956369268,efectivo
1104,6.467971653532977,tarjeta
1105,6.4127975566885596,efectivo
1106,5.47078344658033,tarjeta
1107,8.282320604943019,tarjeta de compra del Corte Inglés
1108,16.976155296576028,tarjeta
1109,8.149010476129238,efectivo
1110,18.703281498984147,tarjeta
1111,9.2614928436785,efectivo
1112,15.238138964820507,tarjeta
1113,12.8619238057206,tarjeta de compra del Corte Inglés
1114,12.398613168075176,tarjeta
1115,6.880606602163525,efectivo
1116,15.038841074676682,tarjeta
1117,17.804496416075636,efectivo
1118,17.168025369813535,tarjeta
1119,10.75983875568935,tarjeta de compra del Corte Inglés
1120,19.14631951359661,tarjeta
1121,7.65241115025438,efectivo
1122,17.29860614793116,tarjeta
1123,9.145781998576709,efectivo
1124,18.25039123971912,tarjeta
1125,8.733951182382011,tarjeta de compra del Corte Inglés
1126,18.69234507525381,tarjeta
1127,9.319327284772946,efectivo
1128,18.284328007972096,tarjeta
1129,19.164283222772447,efectivo
1130,17.038475615859348,tarjeta
1131,14.702856836561201,tarjeta de compra del Corte Inglés
1132,16.405969524189743,tarjeta
1133,6.3213668836213595,efectivo
1134,16.424638977940376,tarjeta
1135,6.419889693368251,efectivo
1136,7.765171792351037,tarjeta
1137,19.91223988521766,tarjeta de compra del Corte Inglés
1138,11.302359685938933,tarjeta
1139,19.10622081369842,efectivo
1140,12.503854867447881,tarjeta
1141,14.9087041542902,efectivo
1142,5.401049259251515,tarjeta
1143,14.536246724912633,tarjeta de compra del Corte Inglés
1144,5.2229890835084865,tarjeta
1145,13.880455337830654,efectivo
1146,9.83219878310512,tarjeta
1147,7.1115617798344655,efectivo
1148,17.4077029966203,tarjeta
1149,12.72147839111624,tarjeta de compra del Corte Inglés
1150,19.24164436829978,tarjeta
1151,7.461066942158968,efectivo
1152,7.027280709153128,tarjeta
1153,17.452045193398305,efectivo
1154,14.452745699328936,tarjeta
1155,19.32272303916479,tarjeta de compra del Corte Inglés
1156,18.721146958747354,tarjeta
1157,12.683939290651443,efectivo
1158,7.5970269579769845,tarjeta
1159,15.516734106242284,efectivo
1160,17.645031680775638,tarjeta
1161,9.460539300329444,tarjeta de compra del Corte Inglés
1162,16.251295852200997,tarjeta
1163,16.17834256909468,efectivo
1164,10.183336651958744,tarjeta
1165,11.526177929056086,efectivo
1166,16.591462173020673,tarjeta
1167,16.495569083121506,tarjeta de compra del Corte Inglés
1168,15.334313400527442,tarjeta
1169,19.6407112354505,efectivo
1170,7.033238785555671,tarjeta
1171,16.99312089978658,efectivo
1172,6.644002930703887,tarjeta
1173,13.335509315421024,tarjeta de compra del Corte Inglés
1174,13.258624340192977,tarjeta
1175,11.91835316100574,efectivo
1176,6.10296138106747,tarjeta
1177,18.506100691143658,efectivo
1178,7.924519714193334,tarjeta
1179,5.518555513487869,tarjeta de compra del Corte Inglés
1180,18.426648009195418,tarjeta
1181,17.454475053093645,efectivo
1182,18.716048096601558,tarjeta
1183,6.950988989417807,efectivo
1184,6.615923636711288,tarjeta
1185,10.430580012996487,tarjeta de compra del Corte Inglés
1186,16.742106229125678,tarjeta
1187,12.23799443076183,efectivo
1188,7.6384500850238055,tarjeta
1189,14.377806999556132,efectivo
1190,18.57438412966914,tarjeta
1191,6.069150605611514,tarjeta de compra del Corte Inglés
1192,10.484870713265318,tarjeta
1193,15.461302341931319,efectivo
1194,19.50355533564815,tarjeta
1195,7.360841590056042,efectivo
1196,17.73547776037254,tarjeta
1197,7.050696671080176,tarjeta de compra del Corte Inglés
1198,7.827549252818692,tarjeta
1199,5.310761999997967,efectivo
1200,11.123665532365703,tarjeta
1201,19.140379375980814,efectivo
1202,5.196772252627066,tarjeta
1203,7.230768811146366,tarjeta de compra del Corte Inglés
1204,11.401809223590556,tarjeta
1205,18.72071698240092,efectivo
1206,6.2198684199303855,tarjeta
1207,10.706149539568385,efectivo
1208,8.103278318010387,tarjeta
1209,18.362630340750226,tarjeta de compra del Corte Inglés
1210,16.681055810029356,tarjeta
1211,5.612769519341137,efectivo
1212,5.5511496451359275,tarjeta
1213,7.245734697387878,efectivo
1214,18.836298290878798,tarjeta
1215,11.225709600866782,tarjeta de compra del Corte Inglés
1216,17.689753386524544,tarjeta
1217,10.046746272177973,efectivo
1218,19.340525337602518,tarjeta
1219,5.073903991841774,efectivo
1220,16.0095378390926,tarjeta
1221,14.510162304371091,tarjeta de compra del Corte Inglés
1222,10.41182872186062,tarjeta
1223,18.334939972502582,efectivo
1224,6.998807367953734,tarjeta
1225,13.147213547567944,efectivo
1226,17.8610206407301,tarjeta
1227,7.422574097112169,tarjeta de compra del Corte Inglés
1228,18.187739555829065,tarjeta
1229,13.351889815515687,efectivo
1230,10.606155480858721,tarjeta
1231,17.99667291423645,efectivo
1232,19.95066351670952,tarjeta
1233,8.28434110378122,tarjeta de compra del Corte Inglés
1234,15.251570068129011,tarjeta
1235,5.921178965033694,efectivo
1236,13.801919462829133,tarjeta
1237,13.152243080487697,efectivo
1238,6.239717544467738,tarjeta
1239,14.710359438457912,tarjeta de compra del Corte Inglés
1240,16.958710508399864,tarjeta
1241,13.019734719767154,efectivo
1242,11.98152083786437,tarjeta
1243,10.736985647143381,efectivo
1244,12.451184820674017,tarjeta
1245,13.9913083314933,tarjeta de compra del Corte Inglés
1246,15.237192835220544,tarjeta
1247,5.928242812846677,efectivo
1248,19.035580210626566,tarjeta
1249,19.554559114284082,efectivo
1250,6.8544229383106625,tarjeta
1251,7.846068998699817,tarjeta de compra del Corte Inglés
1252,10.610595481656219,tarjeta
1253,18.02097055576271,efectivo
1254,5.77454564388207,tarjeta
1255,13.938270291242665,efectivo
1256,10.750238524376224,tarjeta
1257,5.377938723823068,tarjeta de compra del Corte Inglés
1258,9.989764682089845,tarjeta
1259,10.355154953633043,efectivo
1260,9.348236459006982,tarjeta
1261,10.458009994667995,efectivo
1262,17.875721495747904,tarjeta
1263,6.053582747897398,tarjeta de compra del Corte Inglés
1264,5.219684789615267,tarjeta
1265,6.1428326589256566,efectivo
1266,7.033649776751878,tarjeta
1267,19.956217736085605,efectivo
1268,10.82493975934947,tarjeta
1269,6.34959307791639,tarjeta de compra del Corte Inglés
1270,8.455080581998638,tarjeta
1271,17.698428651681343,efectivo
1272,18.068850163678306,tarjeta
1273,18.79673302752845,efectivo
1274,12.469509855156133,tarjeta
1275,19.978671773364837,tarjeta de compra del Corte Inglés
1276,12.385258767158092,tarjeta
1277,8.013514050190285,efectivo
1278,9.551664285801607,tarjeta
1279,16.73034551993989,efectivo
1280,16.042290801336353,tarjeta
1281,16.744528717289242,tarjeta de compra del Corte Inglés
1282,8.649950264187476,tarjeta
1283,5.254002036732317,efectivo
1284,5.798279526903258,tarjeta
1285,6.805517004911593,efectivo
1286,8.251391623905146,tarjeta
1287,11.088449365360955,tarjeta de compra del Corte Inglés
1288,14.701269709654152,tarjeta
1289,17.570879913972714,efectivo
1290,5.920816908036486,tarjeta
1291,12.757677039370543,efectivo
1292,7.956870311763913,tarjeta
1293,16.61605536481267,tarjeta de compra del Corte Inglés
1294,10.543271304479017,tarjeta
1295,5.607683880967546,efectivo
1296,8.38981986552066,tarjeta
1297,12.599440865743437,efectivo
1298,12.958583397540828,tarjeta
1299,15.743190341368235,tarjeta de compra del Corte Inglés
1300,18.093957736141967,tarjeta
1301,10.248820870924373,efectivo
1302,5.105736391988609,tarjeta
1303,17.588861941729864,efectivo
1304,19.40338436885994,tarjeta
1305,6.316286116969197,tarjeta de compra del Corte Inglés
1306,10.192148425232686,tarjeta
1307,12.83306819730048,efectivo
1308,10.32442800689325,tarjeta
1309,8.583396325695665,efectivo
1310,11.769178897953411,tarjeta
1311,19.464354408912847,tarjeta de compra del Corte Inglés
1312,17.043623425438767,tarjeta
1313,12.434871798170835,efectivo
1314,7.930138482517092,tarjeta
1315,17.281696237043796,efectivo
1316,14.071240564680684,tarjeta
1317,6.174364710648963,tarjeta de compra del Corte Inglés
1318,13.150792964758034,tarjeta
1319,10.64926183313894,efectivo
1320,15.992988067350492,tarjeta
1321,7.129884178236517,efectivo
1322,19.564810867767914,tarjeta
1323,15.374798903847514,tarjeta de compra del Corte Inglés
1324,8.684356845436593,tarjeta
1325,5.689231494735906,efectivo
1326,6.707812119751953,tarjeta
1327,19.417916330931032,efectivo
1328,7.192647387606248,tarjeta
1329,8.717314329852657,tarjeta de compra del Corte Inglés
1330,8.973647743176706,tarjeta
1331,11.680424875577689,efectivo
1332,7.311067948819839,tarjeta
1333,17.33749018334743,efectivo
1334,13.2052341793806,tarjeta
1335,19.395556718548818,tarjeta de compra del Corte Inglés
1336,8.157368638119564,tarjeta
1337,6.808106979197193,efectivo
1338,9.989740100696007,tarjeta
1339,12.616272751948472,efectivo
1340,18.826322937826294,tarjeta
1341,18.19318669479704,tarjeta de compra del Corte Inglés
1342,16.344133026905187,tarjeta
1343,19.00502183095066,efectivo
1344,13.410940655552857,tarjeta
1345,7.712721608536502,efectivo
1346,19.562046471700704,tarjeta
1347,13.548212133555223,tarjeta de compra del Corte Inglés
1348,15.381647479649967,tarjeta
1349,5.063317643373056,efectivo
1350,7.046646037829352,tarjeta
1351,15.958303433313633,efectivo
1352,19.475736723309247,tarjeta
1353,16.62395712377417,tarjeta de compra del Corte Inglés
1354,19.976632505025144,tarjeta
1355,13.384829793417206,efectivo
1356,6.881248181706846,tarjeta
1357,8.304411969049777,efectivo
1358,9.64373067689587,tarjeta
1359,7.632803764702446,tarjeta de compra del Corte Inglés
1360,17.60000722237956,tarjeta
1361,5.855374467555537,efectivo
1362,9.259972112927322,tarjeta
1363,9.382859978398969,efectivo
1364,12.44389378578201,tarjeta
1365,12.739635351542919,tarjeta de compra del Corte Inglés
1366,15.961790551918593,tarjeta
1367,11.922141691770255,efectivo
1368,16.15650097329558,tarjeta
1369,12.162670613391702,efectivo
1370,12.635416197879227,tarjeta
1371,18.62832775890732,tarjeta de compra del Corte Inglés
1372,7.659172262249436,tarjeta
1373,5.578766290005742,efectivo
1374,12.054254725305107,tarjeta
1375,11.901352176805974,efectivo
1376,8.396002604414358,tarjeta
1377,14.925339774270117,tarjeta de compra del Corte Inglés
1378,6.653910665562972,tarjeta
1379,11.408262787852305,efectivo
1380,5.196710161700629,tarjeta
1381,14.993381386153242,efectivo
1382,16.07421269195079,tarjeta
1383,11.396318902938821,tarjeta de compra del Corte Inglés
1384,14.989386078130396,tarjeta
1385,15.715971796695467,efectivo
1386,6.370069625213057,tarjeta
1387,5.4378160753065465,efectivo
1388,10.076955612864332,tarjeta
1389,6.749599270904287,tarjeta de compra del Corte Inglés
1390,19.534193853501662,tarjeta
1391,17.297289342921804,efectivo
1392,19.54177338662113,tarjeta
1393,8.534525473526035,efectivo
1394,14.684686041478047,tarjeta
1395,18.65763032257007,tarjeta de compra del Corte Inglés
1396,14.662113224051497,tarjeta
1397,5.050722388709722,efectivo
1398,12.949188645007318,tarjeta
1399,8.206310884959066,efectivo
1400,9.012394190132943,tarjeta
1401,13.734925964238297,tarjeta de compra del Corte Inglés
1402,16.72478249793935,tarjeta
1403,17.066305027495616,efectivo
1404,7.175826577313691,tarjeta
1405,12.492124403275705,efectivo
1406,10.60899869109827,tarjeta
1407,12.758436072652998,tarjeta de compra del Corte Inglés
1408,19.723740662072395,tarjeta
1409,7.421326849952618,efectivo
1410,10.882291377259078,tarjeta
1411,12.802800758052483,efectivo
1412,16.310203389830257,tarjeta
1413,12.780723221161278,tarjeta de compra del Corte Inglés
1414,7.976020859059735,tarjeta
1415,19.706536354847007,efectivo
1416,18.39360962587254,tarjeta
1417,16.841381206228377,efectivo
1418,11.882459183226363,tarjeta
1419,6.443626376434281,tarjeta de compra del Corte Inglés
1420,8.228773779053157,tarjeta
1421,13.621386391131008,efectivo
1422,18.95454576865503,tarjeta
1423,15.609572067163732,efectivo
1424,6.3736277007622,tarjeta
1425,11.05386702658583,tarjeta de compra del Corte Inglés
1426,10.003067997711458,tarjeta
1427,11.229652157825448,efectivo
1428,11.023978606022869,tarjeta
1429,15.922610775639782,efectivo
1430,14.027675290794562,tarjeta
1431,14.714161282017127,tarjeta de compra del Corte Inglés
1432,19.027850088544884,tarjeta
1433,14.898007468208236,efectivo
1434,9.315569356590583,tarjeta
1435,10.687391803820827,efectivo
1436,5.437780680317102,tarjeta
1437,9.223822022984809,tarjeta de compra del Corte Inglés
1438,19.007947529771712,tarjeta
1439,9.36928910216923,efectivo
1440,10.935031065448106,tarjeta
1441,8.041832929162197,efectivo
1442,16.56922342589212,tarjeta
1443,19.859602888377097,tarjeta de compra del Corte Inglés
1444,9.403990324868996,tarjeta
1445,6.996633613086393,efectivo
1446,7.897762533532191,tarjeta
1447,13.06400394616486,efectivo
1448,11.34815647587363,tarjeta
1449,14.636927552005206,tarjeta de compra del Corte Inglés
1450,6.0893370858464655,tarjeta
1451,19.11003923680006,efectivo
1452,7.720904007328166,tarjeta
1453,19.222416034574486,efectivo
1454,7.105706055636103,tarjeta
1455,11.927941394886641,tarjeta de compra del Corte Inglés
1456,8.094834168693948,tarjeta
1457,12.856902804528705,efectivo
1458,9.810695703988253,tarjeta
1459,13.217209357753623,efectivo
1460,11.91284429519865,tarjeta
1461,13.398512625140008,tarjeta de compra del Corte Inglés
1462,7.014862042928929,tarjeta
1463,19.284526282635895,efectivo
1464,11.852132784684269,tarjeta
1465,17.346943749990764,efectivo
1466,5.31727941102544,tarjeta
1467,7.221978340349317,tarjeta de compra del Corte Inglés
1468,14.089197718011686,tarjeta
1469,8.875450062377595,efectivo
1470,15.649208825647854,tarjeta
1471,11.596685220078543,efectivo
1472,6.479467853220374,tarjeta
1473,16.361769651758348,tarjeta de compra del Corte Inglés
1474,13.509362572178867,tarjeta
1475,9.243856495707412,efectivo
1476,7.359545611048621,tarjeta
1477,18.17748730139492,efectivo
1478,7.934192030912528,tarjeta
1479,7.894925485120945,tarjeta de compra del Corte Inglés
1480,19.843124153968475,tarjeta
1481,19.119355083506807,efectivo
1482,11.269084697256456,tarjeta
1483,9.230826571921925,efectivo
1484,9.113477930108012,tarjeta
1485,17.708844129133954,tarjeta de compra del Corte Inglés
1486,7.797569531602802,tarjeta
1487,18.527615263022547,efectivo
1488,13.316010954764547,tarjeta
1489,7.647754419242327,efectivo
1490,18.24559159392433,tarjeta
1491,6.357540193086475,tarjeta de compra del Corte Inglés
1492,12.223686788212902,tarjeta
1493,13.997955255094771,efectivo
1494,19.106620892778942,tarjeta
1495,12.823314354528943,efectivo
1496,11.886242322411741,tarjeta
1497,11.152371068670524,tarjeta de compra del Corte Inglés
1498,15.630836013267448,tarjeta
1499,11.536741051007429,efectivo
1500,17.980933391789712,tarjeta
1501,5.382093231822768,efectivo
1502,5.187813610161802,tarjeta
1503,14.00499402136968,tarjeta de compra del Corte Inglés
1504,15.558136994177998,tarjeta
1505,14.68101936131883,efectivo
1506,18.547135809791026,tarjeta
1507,15.2587467296071,efectivo
1508,8.319479204003153,tarjeta
1509,17.784704224951845,tarjeta de compra del Corte Inglés
1510,15.42502407900513,tarjeta
1511,13.445997658354736,efectivo
1512,16.47923257717271,tarjeta
1513,17.614118992072605,efectivo
1514,12.4175787531967,tarjeta
1515,19.723841885018953,tarjeta de compra del Corte Inglés
1516,18.641579818403073,tarjeta
1517,6.987798249783754,efectivo
1518,6.1824039114968885,tarjeta
1519,15.107574367650118,efectivo
1520,14.976904651829706,tarjeta
1521,6.257369149221689,tarjeta de compra del Corte Inglés
1522,7.440372796395584,tarjeta
1523,12.982421925693645,efectivo
1524,11.299629576599937,tarjeta
1525,8.55174091168135,efectivo
1526,17.047984064845018,tarjeta
1527,14.747842824160674,tarjeta de compra del Corte Inglés
1528,6.438187223056149,tarjeta
1529,13.564243019988258,efectivo
1530,19.038231272368357,tarjeta
1531,6.547731086579896,efectivo
1532,18.544557313022917,tarjeta
1533,5.284788379014608,tarjeta de compra del Corte Inglés
1534,17.14411510953542,tarjeta
1535,7.242016278254811,efectivo
1536,19.716389453864146,tarjeta
1537,7.765648565286945,efectivo
1538,10.90388813629713,tarjeta
1539,6.696039517875703,tarjeta de compra del Corte Inglés
1540,7.499059137061779,tarjeta
1541,5.914709831969455,efectivo
1542,15.000833305949913,tarjeta
1543,14.10374306727402,efectivo
1544,6.498098084246061,tarjeta
1545,15.43409882913836,tarjeta de compra del Corte Inglés
1546,6.012839542860443,tarjeta
1547,18.41910473527712,efectivo
1548,18.4642714296143,tarjeta
1549,7.364840121786669,efectivo
1550,9.238247801346745,tarjeta
1551,7.0473982876864225,tarjeta de compra del Corte Inglés
1552,14.814163264078095,tarjeta
1553,18.259733539414743,efectivo
1554,19.724400504869784,tarjeta
1555,19.743757470113085,efectivo
1556,6.618466946855272,tarjeta
1557,11.78690878363889,tarjeta de compra del Corte Inglés
1558,6.054042303428844,tarjeta
1559,12.181175299633065,efectivo
1560,18.628258879193645,tarjeta
1561,6.5655411885504815,efectivo
1562,12.842175270071822,tarjeta
1563,12.883458719156696,tarjeta de compra del Corte Inglés
1564,5.916378661112007,tarjeta
1565,18.25298690836725,efectivo
1566,18.26218754833075,tarjeta
1567,8.170819980042245,efectivo
1568,9.186614093582723,tarjeta
1569,6.339116310097527,tarjeta de compra del Corte Inglés
1570,6.255032732745076,tarjeta
1571,7.43667149702141,efectivo
1572,7.74773635507788,tarjeta
1573,17.758896563422457,efectivo
1574,9.37895110196818,tarjeta
1575,15.463849802296814,tarjeta de compra del Corte Inglés
1576,12.562505957513135,tarjeta
1577,5.308306168900387,efectivo
1578,7.529679146668787,tarjeta
1579,19.596887944203566,efectivo
1580,15.663614899554691,tarjeta
1581,8.941425721094998,tarjeta de compra del Corte Inglés
1582,5.0023091944843525,tarjeta
1583,12.414102111492898,efectivo
1584,16.57911081035802,tarjeta
1585,7.338082810116478,efectivo
1586,18.57592627337398,tarjeta
1587,10.089161440408699,tarjeta de compra del Corte Inglés
1588,6.229186271754029,tarjeta
1589,10.661695060759968,efectivo
1590,12.480843662216992,tarjeta
1591,7.8964569142775805,efectivo
1592,19.044305333753886,tarjeta
1593,13.17598630295339,tarjeta de compra del Corte Inglés
1594,7.25574443828674,tarjeta
1595,17.297980017633435,efectivo
1596,9.811468544654245,tarjeta
1597,6.3570152446315795,efectivo
1598,8.618223444260877,tarjeta
1599,18.751576205371087,tarjeta de compra del Corte Inglés
1600,7.981012189906026,tarjeta
1601,14.32348618846101,efectivo
1602,14.557197399327906,tarjeta
1603,10.801331951986153,efectivo
1604,18.860665804341306,tarjeta
1605,13.81358472179016,tarjeta de compra del Corte Inglés
1606,18.909365889749118,tarjeta
1607,19.150504367450054,efectivo
1608,18.28668389463313,tarjeta
1609,15.560599032381699,efectivo
1610,17.70434950640758,tarjeta
1611,14.275802175651162,tarjeta de compra del Corte Inglés
1612,19.993696137384937,tarjeta
1613,12.76236744228774,efectivo
1614,15.554365588263543,tarjeta
1615,7.718972001773543,efectivo
1616,8.005518854139627,tarjeta
1617,15.401112109881678,tarjeta de compra del Corte Inglés
1618,13.324241497585103,tarjeta
1619,15.487545805872506,efectivo
1620,14.938492369205452,tarjeta
1621,6.450494389366021,efectivo
1622,10.246290114569668,tarjeta
1623,12.011250296678725,tarjeta de compra del Corte Inglés
1624,6.147002656314029,tarjeta
1625,12.50575034085578,efectivo
1626,8.542029098370291,tarjeta
1627,9.833982014469143,efectivo
1628,19.14768308904266,tarjeta
1629,17.090535575908866,tarjeta de compra del Corte Inglés
1630,16.47893297053691,tarjeta
1631,18.673395273842686,efectivo
1632,12.734369774887584,tarjeta
1633,19.830637955491973,efectivo
1634,16.625375070242473,tarjeta
1635,17.651051517272577,tarjeta de compra del Corte Inglés
1636,15.640232942788034,tarjeta
1637,13.839983619195456,efectivo
1638,9.870619650919522,tarjeta
1639,16.38572913119603,efectivo
1640,5.516576206801227,tarjeta
1641,12.038390555924623,tarjeta de compra del Corte Inglés
1642,7.549192115865607,tarjeta
1643,9.250882359861823,efectivo
1644,10.379647605876158,tarjeta
1645,15.713293193143306,efectivo
1646,18.750160133344103,tarjeta
1647,12.42440126338732,tarjeta de compra del Corte Inglés
1648,6.527381665635125,tarjeta
1649,5.44918760079962,efectivo
1650,7.601826951799915,tarjeta
1651,5.404705602606154,efectivo
1652,9.247330575882263,tarjeta
1653,15.578820713109852,tarjeta de compra del Corte Inglés
1654,16.001039360589445,tarjeta
1655,7.431871373059481,efectivo
1656,15.425131516172634,tarjeta
1657,8.559165784204879,efectivo
1658,5.903782844429668,tarjeta
1659,9.735869269427972,tarjeta de compra del Corte Inglés
1660,10.41968769753166,tarjeta
1661,5.143007993648296,efectivo
1662,6.909942480024603,tarjeta
1663,6.736161835944311,efectivo
1664,10.296832267328515,tarjeta
1665,19.90347763609516,tarjeta de compra del Corte Inglés
1666,19.460070361113917,tarjeta
1667,18.23778713415429,efectivo
1668,19.707574047601483,tarjeta
1669,9.574152110870894,efectivo
1670,6.5157083081889775,tarjeta
1671,15.308717821481412,tarjeta de compra del Corte Inglés
1672,10.36011650820739,tarjeta
1673,13.7913606212892,efectivo
1674,12.11728486162567,tarjeta
1675,9.881674173389118,efectivo
1676,10.166673392726203,tarjeta
1677,14.168109121370236,tarjeta de compra del Corte Inglés
1678,8.704801191616465,tarjeta
1679,12.200725572970253,efectivo
1680,18.74668853407195,tarjeta
1681,8.190558046682966,efectivo
1682,11.546499252540475,tarjeta
1683,6.028906265603717,tarjeta de compra del Corte Inglés
1684,6.037410100246795,tarjeta
1685,14.208267946140111,efectivo
1686,8.049399537511981,tarjeta
1687,9.047725896098413,efectivo
1688,12.300847329297849,tarjeta
1689,12.788437389033142,tarjeta de compra del Corte Inglés
1690,7.123070194363809,tarjeta
1691,5.112850042165363,efectivo
1692,9.822980474112413,tarjeta
1693,17.922149112245144,efectivo
1694,19.134192414728155,tarjeta
1695,15.9823722540264,tarjeta de compra del Corte Inglés
1696,14.076676924749075,tarjeta
1697,19.007148358783056,efectivo
1698,10.324449301543375,tarjeta
1699,7.805007734317674,efectivo
1700,5.064101719593789,tarjeta
1701,16.186959408021522,tarjeta de compra del Corte Inglés
1702,11.867978587095738,tarjeta
1703,12.045172194252695,efectivo
1704,17.967502025996435,tarjeta
1705,17.500166647561272,efectivo
1706,18.01709160194408,tarjeta
1707,6.630319904348036,tarjeta de compra del Corte Inglés
1708,16.119070984994003,tarjeta
1709,11.386458597421203,efectivo
1710,15.026160832418709,tarjeta
1711,5.933060276093601,efectivo
1712,18.651198147502022,tarjeta
1713,17.407564445479238,tarjeta de compra del Corte Inglés
1714,12.753560507282792,tarjeta
1715,12.746467216917743,efectivo
1716,15.007727878491316,tarjeta
1717,6.571471372697344,efectivo
1718,14.020230691498616,tarjeta
1719,6.6756451355564,tarjeta de compra del Corte Inglés
1720,13.78495604909038,tarjeta
1721,15.39735311706473,efectivo
1722,17.950916531958686,tarjeta
1723,16.352021179589087,efectivo
1724,9.127914584680376,tarjeta
1725,9.82639543838409,tarjeta de compra del Corte Inglés
1726,7.64033571818813,tarjeta
1727,12.57896958046754,efectivo
1728,14.133086468826637,tarjeta
1729,16.270241915925133,efectivo
1730,19.571486888360845,tarjeta
1731,5.938280873452776,tarjeta de compra del Corte Inglés
1732,17.40302820829227,tarjeta
1733,7.49404684063677,efectivo
1734,7.2670273923235245,tarjeta
1735,10.526636299159426,efectivo
1736,11.061465283898448,tarjeta
1737,15.655154438939936,tarjeta de compra del Corte Inglés
1738,19.67710978985272,tarjeta
1739,10.349643032439559,efectivo
1740,6.169256005139735,tarjeta
1741,13.66118617056954,efectivo
1742,5.798272937598044,tarjeta
1743,11.478135505127259,tarjeta de compra del Corte Inglés
1744,19.582211016833632,tarjeta
1745,9.072851282183604,efectivo
1746,10.977946454442932,tarjeta
1747,11.36734975653559,efectivo
1748,9.861091592288028,tarjeta
1749,7.057067985002341,tarjeta de compra del Corte Inglés
1750,7.287840717372882,tarjeta
1751,16.75422095423052,efectivo
1752,18.882187107299387,tarjeta
1753,5.3949946761664975,efectivo
1754,10.246954305065822,tarjeta
1755,13.28145574130867,tarjeta de compra del Corte Inglés
1756,5.3037231327738725,tarjeta
1757,5.267362996465785,efectivo
1758,17.041137421345848,tarjeta
1759,8.449179485788484,efectivo
1760,6.018922766713035,tarjeta
1761,11.47600881525445,tarjeta de compra del Corte Inglés
1762,7.2211169299315845,tarjeta
1763,19.665857856101585,efectivo
1764,12.170887451800715,tarjeta
1765,19.915787664524895,efectivo
1766,15.664599228240931,tarjeta
1767,16.059834600932884,tarjeta de compra del Corte Inglés
1768,7.217549865052087,tarjeta
1769,18.48507020599142,efectivo
1770,19.360520163797215,tarjeta
1771,16.321235994098455,efectivo
1772,10.916784097217896,tarjeta
1773,15.215794428307753,tarjeta de compra del Corte Inglés
1774,19.314732033003917,tarjeta
1775,15.171131352982478,efectivo
1776,14.952343520364561,tarjeta
1777,9.215578731700628,efectivo
1778,11.586374882759875,tarjeta
1779,18.10074232692611,tarjeta de compra del Corte Inglés
1780,8.24064274241844,tarjeta
1781,11.044657771093489,efectivo
1782,17.142886495136985,tarjeta
1783,17.788142951443994,efectivo
1784,17.746465516748046,tarjeta
1785,9.399449457782847,tarjeta de compra del Corte Inglés
1786,13.869073526491107,tarjeta
1787,16.083286434133186,efectivo
1788,13.892541408982964,tarjeta
1789,10.442308127499853,efectivo
1790,15.681870484491029,tarjeta
1791,12.654346242645524,tarjeta de compra del Corte Inglés
1792,8.37350034471384,tarjeta
1793,14.803570622427872,efectivo
1794,8.287378593580618,tarjeta
1795,10.309260257490198,efectivo
1796,11.37906007826648,tarjeta
1797,5.187249159401004,tarjeta de compra del Corte Inglés
1798,18.670486357529203,tarjeta
1799,17.64600613333058,efectivo
1800,9.894382430911111,tarjeta
1801,19.635769066503634,efectivo
1802,15.929833588428032,tarjeta
1803,17.043545544828845,tarjeta de compra del Corte Inglés
1804,8.877375774676175,tarjeta
1805,16.85190895825245,efectivo
1806,14.562091058273381,tarjeta
1807,15.082515337908116,efectivo
1808,12.713301557159758,tarjeta
1809,15.537631564824178,tarjeta de compra del Corte Inglés
1810,7.759494106557732,tarjeta
1811,18.280646280500523,efectivo
1812,5.416381566421408,tarjeta
1813,14.489765282060898,efectivo
1814,17.71326971794961,tarjeta
1815,9.542534321311045,tarjeta de compra del Corte Inglés
1816,19.58618738269977,tarjeta
1817,14.191520071558346,efectivo
1818,17.31306875448429,tarjeta
1819,19.956794466866484,efectivo
1820,11.13343076085961,tarjeta
1821,18.85658968498177,tarjeta de compra del Corte Inglés
1822,17.99871750654166,tarjeta
1823,16.52576943625545,efectivo
1824,9.265359510812152,tarjeta
1825,15.319129453739132,efectivo
1826,11.855566138140421,tarjeta
1827,14.08386605420549,tarjeta de compra del Corte Inglés
1828,9.165296004535339,tarjeta
1829,16.818152324162792,efectivo
1830,12.34842566292809,tarjeta
1831,19.05024116765174,efectivo
1832,8.213946137134803,tarjeta
1833,10.59892919015555,tarjeta de compra del Corte Inglés
1834,12.361540409962544,tarjeta
1835,18.769957283349417,efectivo
1836,5.481940206446564,tarjeta
1837,18.346736436888648,efectivo
1838,10.45326075711775,tarjeta
1839,8.024877688992095,tarjeta de compra del Corte Inglés
1840,13.573653585756098,tarjeta
1841,12.779832133410169,efectivo
1842,11.444031496887325,tarjeta
1843,13.84146192647005,efectivo
1844,16.721688882876713,tarjeta
1845,7.258799243503135,tarjeta de compra del Corte Inglés
1846,15.635036352261755,tarjeta
1847,15.98728642577653,efectivo
1848,9.31949167030762,tarjeta
1849,13.01843572397903,efectivo
1850,7.102288364282018,tarjeta
1851,13.53149332008113,tarjeta de compra del Corte Inglés
1852,14.836402518707189,tarjeta
1853,5.596128157405221,efectivo
1854,15.62716690226776,tarjeta
1855,12.546538719043152,efectivo
1856,6.285039980106582,tarjeta
1857,13.217179759885479,tarjeta de compra del Corte Inglés
1858,8.909376914238624,tarjeta
1859,11.449494693164056,efectivo
1860,16.105237984755348,tarjeta
1861,10.30283431025468,efectivo
1862,6.761997129482989,tarjeta
1863,13.620816819545004,tarjeta de compra del Corte Inglés
1864,10.491854105357719,tarjeta
1865,13.890759964095594,efectivo
1866,12.010759420391594,tarjeta
1867,16.79688425493154,efectivo
1868,10.825596600224262,tarjeta
1869,14.600527468059209,tarjeta de compra del Corte Inglés
1870,18.810906888314413,tarjeta
1871,10.309766464024767,efectivo
1872,7.966603495229082,tarjeta
1873,6.838149611632552,efectivo
1874,13.054941397994865,tarjeta
1875,14.543574857100335,tarjeta de compra del Corte Inglés
1876,18.73985022674214,tarjeta
1877,15.21401423452006,efectivo
1878,6.473276600866764,tarjeta
1879,16.991396329261416,efectivo
1880,12.97953471015218,tarjeta
1881,10.647564546962752,tarjeta de compra del Corte Inglés
1882,10.927282310908247,tarjeta
1883,16.030215477498142,efectivo
1884,19.00644085966227,tarjeta
1885,15.349867975897697,efectivo
1886,17.26041204112092,tarjeta
1887,16.983370185790445,tarjeta de compra del Corte Inglés
1888,5.3878541090937695,tarjeta
1889,10.811718600991728,efectivo
1890,13.908060091017337,tarjeta
1891,10.210993557565,efectivo
1892,17.27394499134266,tarjeta
1893,7.080207558150017,tarjeta de compra del Corte Inglés
1894,14.270523723775947,tarjeta
1895,7.858534052800032,efectivo
1896,6.51762384490848,tarjeta
1897,14.98071423771298,efectivo
1898,18.62588464239125,tarjeta
1899,19.50185024619872,tarjeta de compra del Corte Inglés
1900,6.166699217904599,tarjeta
1901,10.534035230502722,efectivo
1902,11.10085017478705,tarjeta
1903,7.25452540545065,efectivo
1904,6.767765543795651,tarjeta
1905,17.62991264587995,tarjeta de compra del Corte Inglés
1906,19.927554440774486,tarjeta
1907,17.948941212258124,efectivo
1908,14.240579146500266,tarjeta
1909,11.04847197555019,efectivo
1910,9.893019780929109,tarjeta
1911,18.767302377530832,tarjeta de compra del Corte Inglés
1912,16.86976297151933,tarjeta
1913,17.170122853085,efectivo
1914,9.535451959510837,tarjeta
1915,13.182198319176404,efectivo
1916,7.217526398208003,tarjeta
1917,14.182238536630905,tarjeta de compra del Corte Inglés
1918,17.25774954787355,tarjeta
1919,6.2684425811468625,efectivo
1920,8.486660632865062,tarjeta
1921,7.277457542135611,efectivo
1922,15.11356476817956,tarjeta
1923,12.368824488722122,tarjeta de compra del Corte Inglés
1924,9.057416322378938,tarjeta
1925,7.243723013026173,efectivo
1926,11.574968646826997,tarjeta
1927,18.736052056809427,efectivo
1928,8.584949718751144,tarjeta
1929,17.970199282183856,tarjeta de compra del Corte Inglés
1930,10.113235075840322,tarjeta
1931,16.13157738263629,efectivo
1932,19.175860658759973,tarjeta
1933,9.735979545688732,efectivo
1934,8.9154631793213,tarjeta
1935,11.439127381851186,tarjeta de compra del Corte Inglés
1936,15.762936671087346,tarjeta
1937,15.710018037218118,efectivo
1938,8.519725570995622,tarjeta
1939,8.14667434094181,efectivo
1940,10.866540557184598,tarjeta
1941,8.871001107465474,tarjeta de compra del Corte Inglés
1942,18.580136857484725,tarjeta
1943,8.065219161889209,efectivo
1944,10.469186785627134,tarjeta
1945,15.554885787788628,efectivo
1946,17.370696618816204,tarjeta
1947,16.886170070581443,tarjeta de compra del Corte Inglés
1948,14.736659385532047,tarjeta
1949,15.055613490971218,efectivo
1950,13.002978329689746,tarjeta
1951,7.131233786537223,efectivo
1952,19.794637787630315,tarjeta
1953,12.141032593095698,tarjeta de compra del Corte Inglés
1954,18.667688143914955,tarjeta
1955,14.719648575636047,efectivo
1956,9.71411397674879,tarjeta
1957,11.001328255418377,efectivo
1958,10.513833313427117,tarjeta
1959,14.767225362119037,tarjeta de compra del Corte Inglés
1960,6.271976135858205,tarjeta
1961,15.021287582379372,efectivo
1962,6.051703159112769,tarjeta
1963,8.34007177032377,efectivo
1964,7.934975869048391,tarjeta
1965,6.860504519527224,tarjeta de compra del Corte Inglés
1966,13.207069918368852,tarjeta
1967,19.713013026207435,efectivo
1968,13.865869983889898,tarjeta
1969,12.637143503045266,efectivo
1970,15.363981909892338,tarjeta
1971,18.22862950703456,tarjeta de compra del Corte Inglés
1972,18.569875043354713,tarjeta
1973,12.541159932271887,efectivo
1974,10.912235656745917,tarjeta
1975,15.117474550911542,efectivo
1976,18.087653677697208,tarjeta
1977,7.95190004912965,tarjeta de compra del Corte Inglés
1978,16.963062812672337,tarjeta
1979,8.62343580753356,efectivo
1980,14.397883635316045,tarjeta
1981,12.102773891305556,efectivo
1982,11.012797094453521,tarjeta
1983,10.480355127774356,tarjeta de compra del Corte Inglés
1984,10.918057606708132,tarjeta
1985,17.52221666267028,efectivo
1986,6.419224856292056,tarjeta
1987,13.206912788585115,efectivo
1988,13.686486649778471,tarjeta
1989,13.88543105217092,tarjeta de compra del Corte Inglés
1990,12.609057175489857,tarjeta
1991,10.82643922371825,efectivo
1992,14.971571917050017,tarjeta
1993,19.535427237618315,efectivo
1994,18.957402839214573,tarjeta
1995,15.476708970029106,tarjeta de compra del Corte Inglés
1996,18.686242854740115,tarjeta
1997,13.774642498445155,efectivo
1998,12.271343743591515,tarjeta
1999,18.951924289141523,efectivo
2000,10.086048297762193,tarjeta
2001,5.089958482969988,tarjeta de compra del Corte Inglés
2002,6.769672458771347,tarjeta
2003,16.514991780180672,efectivo
2004,5.798720982776601,tarjeta
2005,12.754195186375823,efectivo
2006,12.379561052668803,tarjeta
2007,15.332844989914683,tarjeta de compra del Corte Inglés
2008,14.271122201940281,tarjeta
2009,5.746193757675985,efectivo
2010,17.068393830988576,tarjeta
2011,6.620963070000465,efectivo
2012,16.226309611334862,tarjeta
2013,8.649367592950547,tarjeta de compra del Corte Inglés
2014,6.795203266080976,tarjeta
2015,9.035388197242789,efectivo
2016,9.699057590186447,tarjeta
2017,19.125127151492425,efectivo
2018,17.501114815907926,tarjeta
2019,11.021435774525923,tarjeta de compra del Corte Inglés
2020,9.662493337719116,tarjeta
2021,5.712858716436796,efectivo
2022,12.361915589625607,tarjeta
2023,16.717945507244515,efectivo
2024,8.171603375609077,tarjeta
2025,13.08215353588615,tarjeta de compra del Corte Inglés
2026,9.298317697800023,tarjeta
2027,8.624319750699714,efectivo
2028,17.331189932128762,tarjeta
2029,14.4557724934069,efectivo
2030,8.480705949836906,tarjeta
2031,10.564741624316147,tarjeta de compra del Corte Inglés
2032,14.246458405086829,tarjeta
2033,12.733334106498877,efectivo
2034,7.275114730255528,tarjeta
2035,6.529860406262559,efectivo
2036,9.433738290604285,tarjeta
2037,17.876005340078223,tarjeta de compra del Corte Inglés
2038,10.755893421260781,tarjeta
2039,14.740892197412466,efectivo
2040,7.9569342677991886,tarjeta
2041,8.361487499872648,efectivo
2042,9.557976430828347,tarjeta
2043,16.764468425838956,tarjeta de compra del Corte Inglés
2044,5.812138017969952,tarjeta
2045,18.986370723597773,efectivo
2046,13.457891285159523,tarjeta
2047,8.708721731961798,efectivo
2048,12.808415783223714,tarjeta
2049,10.979441870868829,tarjeta de compra del Corte Inglés
2050,8.657591317934548,tarjeta
2051,15.451993708373225,efectivo
2052,17.387126998109316,tarjeta
2053,18.294819311696013,efectivo
2054,19.29891707004291,tarjeta
2055,19.495198854584594,tarjeta de compra del Corte Inglés
2056,18.485207677291072,tarjeta
2057,16.077800136898567,efectivo
2058,9.25894958010212,tarjeta
2059,13.3872776869722,efectivo
2060,9.67969655231664,tarjeta
2061,13.63908313016241,tarjeta de compra del Corte Inglés
2062,18.767723991958654,tarjeta
2063,8.750320112126314,efectivo
2064,11.45136316382584,tarjeta
2065,14.834555004742828,efectivo
2066,6.849745235202909,tarjeta
2067,10.726834798379064,tarjeta de compra del Corte Inglés
2068,8.47463266647562,tarjeta
2069,13.52809881204743,efectivo
2070,10.019445586145421,tarjeta
2071,19.186297905793445,efectivo
2072,10.37908998076282,tarjeta
2073,15.813905203768867,tarjeta de compra del Corte Inglés
2074,5.058190052072829,tarjeta
2075,17.26150274931144,efectivo
2076,6.4346827760498435,tarjeta
2077,13.892548761603557,efectivo
2078,19.066651636018733,tarjeta
2079,13.737386088836198,tarjeta de compra del Corte Inglés
2080,7.088323898572712,tarjeta
2081,13.931605406249066,efectivo
2082,18.321330327631713,tarjeta
2083,8.48590642367661,efectivo
2084,8.223936477877722,tarjeta
2085,11.896863582205555,tarjeta de compra del Corte Inglés
2086,8.76770439712528,tarjeta
2087,14.530192681837764,efectivo
2088,17.431065585663042,tarjeta
2089,12.214208746422525,efectivo
2090,10.254967726777252,tarjeta
2091,6.429582789247923,tarjeta de compra del Corte Inglés
2092,15.44901731082331,tarjeta
2093,14.215031408543771,efectivo
2094,18.858510204550797,tarjeta
2095,12.50432452168337,efectivo
2096,15.304075653812573,tarjeta
2097,10.629529836898199,tarjeta de compra del Corte Inglés
2098,6.846266672743735,tarjeta
2099,12.964601701290174,efectivo
2100,11.476678332865514,tarjeta
2101,15.92255760408945,efectivo
2102,13.02376294925056,tarjeta
2103,7.273201340086995,tarjeta de compra del Corte Inglés
2104,6.723520527402655,tarjeta
2105,15.015684400072292,efectivo
2106,12.340154971376872,tarjeta
2107,7.054537002516632,efectivo
2108,9.936395619191932,tarjeta
2109,19.906916999605848,tarjeta de compra del Corte Inglés
2110,7.753768588576037,tarjeta
2111,15.564889340408417,efectivo
2112,9.64516004794886,tarjeta
2113,17.88604268913156,efectivo
2114,19.44059892766955,tarjeta
2115,11.159623599176522,tarjeta de compra del Corte Inglés
2116,9.466552073603658,tarjeta
2117,5.448844257119626,efectivo
2118,11.482950193951904,tarjeta
2119,10.332795233158418,efectivo
2120,8.963676274977626,tarjeta
2121,11.637441752202992,tarjeta de compra del Corte Inglés
2122,19.197856173489814,tarjeta
2123,10.762948765926605,efectivo
2124,16.012806013073472,tarjeta
2125,13.376806211506912,efectivo
2126,11.256120577561536,tarjeta
2127,11.376065993300298,tarjeta de compra del Corte Inglés
2128,19.874733165405463,tarjeta
2129,8.439002096124721,efectivo
2130,9.702796517301396,tarjeta
2131,9.7325197295321,efectivo
2132,12.737241946905627,tarjeta
2133,8.946996297931763,tarjeta de compra del Corte Inglés
2134,7.9186205481319,tarjeta
2135,12.059533399847496,efectivo
2136,6.533361339806078,tarjeta
2137,14.828889444809024,efectivo
2138,6.459381406073966,tarjeta
2139,12.984049190286726,tarjeta de compra del Corte Inglés
2140,16.3468885108494,tarjeta
2141,12.351201734572706,efectivo
2142,14.576418443096587,tarjeta
2143,15.47305409704219,efectivo
2144,6.692263093899801,tarjeta
2145,17.79636882505281,tarjeta de compra del Corte Inglés
2146,16.05640158615624,tarjeta
2147,16.659309436617733,efectivo
2148,17.40020690082619,tarjeta
2149,15.504878316215743,efectivo
2150,11.82225702904606,tarjeta
2151,7.120085243443097,tarjeta de compra del Corte Inglés
2152,6.75363018726995,tarjeta
2153,12.876492010042682,efectivo
2154,13.509562994515564,tarjeta
2155,14.784889223932195,efectivo
2156,10.90013867817714,tarjeta
2157,17.517786952669464,tarjeta de compra del Corte Inglés
2158,6.973951799646988,tarjeta
2159,9.975337659269282,efectivo
2160,15.418069008846988,tarjeta
2161,18.534761418337638,efectivo
2162,12.395015214457874,tarjeta
2163,5.126205973068462,tarjeta de compra del Corte Inglés
2164,12.232305003461455,tarjeta
2165,19.999524237130366,efectivo
2166,18.320923298419814,tarjeta
2167,11.501353802644308,efectivo
2168,7.864225092371621,tarjeta
2169,9.86911965696234,tarjeta de compra del Corte Inglés
2170,5.645417109338623,tarjeta
2171,10.701609582824538,efectivo
2172,17.256956564272365,tarjeta
2173,7.102301290212726,efectivo
2174,19.125068501384774,tarjeta
2175,5.963853043881093,tarjeta de compra del Corte Inglés
2176,16.142705045897596,tarjeta
2177,8.406600989112732,efectivo
2178,8.62963229199795,tarjeta
2179,17.17143007665116,efectivo
2180,19.113262789580883,tarjeta
2181,13.953307523360785,tarjeta de compra del Corte Inglés
2182,14.872055563346127,tarjeta
2183,9.13568720986212,efectivo
2184,15.217881945333822,tarjeta
2185,13.521993579830776,efectivo
2186,19.887148261119812,tarjeta
2187,15.06680236049616,tarjeta de compra del Corte Inglés
2188,18.04453659858917,tarjeta
2189,15.879006079524073,efectivo
2190,11.019141039613327,tarjeta
2191,11.229249873483791,efectivo
2192,7.841187285228449,tarjeta
2193,19.75585427632691,tarjeta de compra del Corte Inglés
2194,18.638315997320476,tarjeta
2195,9.573121541233743,efectivo
2196,9.302988752780408,tarjeta
2197,19.573705529681963,efectivo
2198,7.235602045314577,tarjeta
2199,17.6471869423266,tarjeta de compra del Corte Inglés
2200,10.189476989657747,tarjeta
2201,8.059221982339183,efectivo
2202,16.94149680936746,tarjeta
2203,14.332966664772298,efectivo
2204,12.942603253522545,tarjeta
2205,6.1147470952648115,tarjeta de compra del Corte Inglés
2206,7.8818756468202125,tarjeta
2207,15.89124475720384,efectivo
2208,18.952065300449608,tarjeta
2209,12.742367918687739,efectivo
2210,8.11821959358078,tarjeta
2211,19.483339282475704,tarjeta de compra del Corte Inglés
2212,18.05873087139787,tarjeta
2213,9.476658345304179,efectivo
2214,12.223502529538534,tarjeta
2215,10.719108730927292,efectivo
2216,14.30002376861215,tarjeta
2217,9.654933635038105,tarjeta de compra del Corte Inglés
2218,16.817432502849805,tarjeta
2219,17.892058616546578,efectivo
2220,17.782990349717778,tarjeta
2221,17.946609173839484,efectivo
2222,11.625964666151173,tarjeta
2223,18.389068402666457,tarjeta de compra del Corte Inglés
2224,11.921336595746958,tarjeta
2225,19.874795400308038,efectivo
2226,9.839950735454385,tarjeta
2227,12.308159174212852,efectivo
2228,15.092076491810188,tarjeta
2229,19.593520224102633,tarjeta de compra del Corte Inglés
2230,9.726514141309273,tarjeta
2231,19.582357579650097,efectivo
2232,16.055506310314875,tarjeta
2233,16.93300147814178,efectivo
2234,15.594189469265471,tarjeta
2235,19.891133587194595,tarjeta de compra del Corte Inglés
2236,18.239062551123432,tarjeta
2237,6.6931643706324895,efectivo
2238,10.32908453323829,tarjeta
2239,9.34300957665895,efectivo
2240,14.211204490053898,tarjeta
2241,9.352122144232233,tarjeta de compra del Corte Inglés
2242,8.804277728302289,tarjeta
2243,19.333863508807198,efectivo
2244,18.365797139562517,tarjeta
2245,12.76160505559428,efectivo
2246,11.518379884857167,tarjeta
2247,16.12507588978221,tarjeta de compra del Corte Inglés
2248,8.000560733106038,tarjeta
2249,14.02536286346975,efectivo
2250,5.8416458952587,tarjeta
2251,14.544084362663042,efectivo
2252,5.604983184860241,tarjeta
2253,19.599316002010642,tarjeta de compra del Corte Inglés
2254,18.239235235309998,tarjeta
2255,10.787047756093092,efectivo
2256,18.27368201870248,tarjeta
2257,14.713778136765164,efectivo
2258,9.801181651147441,tarjeta
2259,17.599225993016866,tarjeta de compra del Corte Inglés
2260,8.730537252501065,tarjeta
2261,10.498326211938082,efectivo
2262,14.337340727030842,tarjeta
2263,5.123326588783205,efectivo
2264,6.487000018553546,tarjeta
2265,18.68893207693606,tarjeta de compra del Corte Inglés
2266,18.193047614468384,tarjeta
2267,12.439472216749111,efectivo
2268,12.164822462694321,tarjeta
2269,14.51473309591497,efectivo
2270,18.80742560617262,tarjeta
2271,13.272585309861348,tarjeta de compra del Corte Inglés
2272,17.989036376377232,tarjeta
2273,13.298350487820063,efectivo
2274,9.871252443564389,tarjeta
2275,9.513888367831196,efectivo
2276,12.901345383046351,tarjeta
2277,5.458928871060584,tarjeta de compra del Corte Inglés
2278,9.744992678657583,tarjeta
2279,18.092868469854512,efectivo
2280,16.65718139329747,tarjeta
2281,17.98110659444927,efectivo
2282,11.570075044817335,tarjeta
2283,5.344450558294151,tarjeta de compra del Corte Inglés
2284,18.651513815465584,tarjeta
2285,18.00588184480556,efectivo
2286,13.247700769026071,tarjeta
2287,13.343268370992192,efectivo
2288,9.069080048100655,tarjeta
2289,11.010885086690926,tarjeta de compra del Corte Inglés
2290,18.16942683306658,tarjeta
2291,9.72283211679097,efectivo
2292,17.27404999302231,tarjeta
2293,7.077818503944236,efectivo
2294,13.262485632582356,tarjeta
2295,16.26202698320988,tarjeta de compra del Corte Inglés
2296,10.142217996113821,tarjeta
2297,8.99386785353426,efectivo
2298,9.560254704387644,tarjeta
2299,7.004782605154725,efectivo
2300,11.295648840981125,tarjeta
2301,15.40164880830015,tarjeta de compra del Corte Inglés
2302,17.124514074046537,tarjeta
2303,8.880904110455393,efectivo
2304,5.92530270503886,tarjeta
2305,10.89878484108278,efectivo
2306,10.731071791028786,tarjeta
2307,6.716944704000305,tarjeta de compra del Corte Inglés
2308,5.081479729282608,tarjeta
2309,17.893479602866883,efectivo
2310,15.284067646422887,tarjeta
2311,10.165656791009395,efectivo
2312,12.975033600851969,tarjeta
2313,17.14647531133,tarjeta de compra del Corte Inglés
2314,10.446713182466581,tarjeta
2315,12.440955878918846,efectivo
2316,15.964121035416074,tarjeta
2317,15.27255821243931,efectivo
2318,12.467443195460087,tarjeta
2319,19.822472289201848,tarjeta de compra del Corte Inglés
2320,7.501850905925938,tarjeta
2321,8.036300140810189,efectivo
2322,7.6404104996594,tarjeta
2323,11.68967643027532,efectivo
2324,19.389526056718672,tarjeta
2325,8.056991467873631,tarjeta de compra del Corte Inglés
2326,11.267972770142753,tarjeta
2327,13.36020044454672,efectivo
2328,11.218263636248302,tarjeta
2329,9.536753677204619,efectivo
2330,8.390275689178583,tarjeta
2331,18.240385585499006,tarjeta de compra del Corte Inglés
2332,11.88860880873169,tarjeta
2333,10.843583904371824,efectivo
2334,12.9132484882091,tarjeta
2335,6.748227847435357,efectivo
2336,9.573346104616885,tarjeta
2337,18.217613446062074,tarjeta de compra del Corte Inglés
2338,10.101292953438225,tarjeta
2339,7.139794724710852,efectivo
2340,19.433049477995212,tarjeta
2341,15.524136022339274,efectivo
2342,13.70465163613149,tarjeta
2343,17.75983770751283,tarjeta de compra del Corte Inglés
2344,11.806996355887055,tarjeta
2345,10.85097566692058,efectivo
2346,13.26390795435748,tarjeta
2347,6.345715263505195,efectivo
2348,17.483906166013817,tarjeta
2349,10.840553392009912,tarjeta de compra del Corte Inglés
2350,9.375276845214124,tarjeta
2351,9.840899560258281,efectivo
2352,11.007552698433454,tarjeta
2353,12.958518559026363,efectivo
2354,14.910310189191211,tarjeta
2355,12.720230395488517,tarjeta de compra del Corte Inglés
2356,17.791632581015843,tarjeta
2357,19.431099334001804,efectivo
2358,8.362346711689781,tarjeta
2359,13.093732342617457,efectivo
2360,11.106360305037361,tarjeta
2361,9.33233659031269,tarjeta de compra del Corte Inglés
2362,16.63950292852218,tarjeta
2363,18.839210341808275,efectivo
2364,10.756093790415651,tarjeta
2365,12.270147656691716,efectivo
2366,13.740208708298214,tarjeta
2367,5.715983083310415,tarjeta de compra del Corte Inglés
2368,6.492883488568848,tarjeta
2369,8.30669156138933,efectivo
2370,8.832251809526138,tarjeta
2371,5.833017292789249,efectivo
2372,10.905171755732994,tarjeta
2373,14.153767847295471,tarjeta de compra del Corte Inglés
2374,12.310010537539108,tarjeta
2375,12.984369544287032,efectivo
2376,13.683954396329113,tarjeta
2377,5.308022448859454,efectivo
2378,16.42700926847072,tarjeta
2379,16.223244047500124,tarjeta de compra del Corte Inglés
2380,6.800556450916409,tarjeta
2381,12.633493721365882,efectivo
2382,13.092147003428003,tarjeta
2383,14.623123806294045,efectivo
2384,18.230754510733128,tarjeta
2385,14.960557999816741,tarjeta de compra del Corte Inglés
2386,10.377906687870482,tarjeta
2387,19.470326613156207,efectivo
2388,10.429317079792416,tarjeta
2389,6.550617203567892,efectivo
2390,16.217569075771323,tarjeta
2391,5.146988376028752,tarjeta de compra del Corte Inglés
2392,18.79712227064826,tarjeta
2393,14.774875678220084,efectivo
2394,17.665906189599674,tarjeta
2395,6.696879799322829,efectivo
2396,14.88984327037587,tarjeta
2397,9.073349415504737,tarjeta de compra del Corte Inglés
2398,6.96405392348308,tarjeta
2399,15.518599013875413,efectivo
2400,9.092779513031633,tarjeta
2401,7.196752407861913,efectivo
2402,16.484210096114026,tarjeta
2403,19.80159416892736,tarjeta de compra del Corte Inglés
2404,17.930754226283256,tarjeta
2405,18.889195549079247,efectivo
2406,13.433526926235567,tarjeta
2407,13.210108653667218,efectivo
2408,12.095070607975419,tarjeta
2409,5.543648365694613,tarjeta de compra del Corte Inglés
2410,16.96901898525482,tarjeta
2411,18.928544163355305,efectivo
2412,17.651369624539043,tarjeta
2413,6.954884918853082,efectivo
2414,15.116527400167866,tarjeta
2415,6.508888289850433,tarjeta de compra del Corte Inglés
2416,14.742810227805402,tarjeta
2417,8.106170276059462,efectivo
2418,11.596730884609794,tarjeta
2419,6.006742969670658,efectivo
2420,10.422329846456968,tarjeta
2421,14.956201219024885,tarjeta de compra del Corte Inglés
2422,18.339917652365127,tarjeta
2423,7.6571501510382305,efectivo
2424,15.035829935304587,tarjeta
2425,13.441854677271575,efectivo
2426,8.118680689289798,tarjeta
2427,15.824796741203786,tarjeta de compra del Corte Inglés
2428,9.834967712789588,tarjeta
2429,15.38005627838814,efectivo
2430,18.343922964760214,tarjeta
2431,8.1653416640649,efectivo
2432,7.223820314018166,tarjeta
2433,13.638617722864025,tarjeta de compra del Corte Inglés
2434,16.65450553181463,tarjeta
2435,9.855496533514685,efectivo
2436,19.23802053917369,tarjeta
2437,11.851152003613597,efectivo
2438,6.48459843413324,tarjeta
2439,18.3891460280377,tarjeta de compra del Corte Inglés
2440,19.51806050209227,tarjeta
2441,11.075214559394894,efectivo
2442,16.315237534899815,tarjeta
2443,11.795190843967195,efectivo
2444,14.170275854126922,tarjeta
2445,7.135572574871295,tarjeta de compra del Corte Inglés
2446,19.807819544833475,tarjeta
2447,17.209940696464727,efectivo
2448,7.509631293809223,tarjeta
2449,17.956050484530795,efectivo
2450,5.477213363875124,tarjeta
2451,17.532789075103885,tarjeta de compra del Corte Inglés
2452,9.747747530491626,tarjeta
2453,9.963651248860863,efectivo
2454,8.990885583617874,tarjeta
2455,6.408551263336735,efectivo
2456,10.227701770373761,tarjeta
2457,16.647691062382876,tarjeta de compra del Corte Inglés
2458,18.577895639280193,tarjeta
2459,11.013230428154094,efectivo
2460,6.813973772683074,tarjeta
2461,15.574456850750314,efectivo
2462,9.397829979263001,tarjeta
2463,8.072150598378109,tarjeta de compra del Corte Inglés
2464,19.521485959388965,tarjeta
2465,12.594409935288802,efectivo
2466,11.05469842033579,tarjeta
2467,16.210269329175663,efectivo
2468,19.41203181074011,tarjeta
2469,18.634243751298442,tarjeta de compra del Corte Inglés
2470,8.74453729342192,tarjeta
2471,12.124142180208016,efectivo
2472,7.199464737235716,tarjeta
2473,15.340122961879981,efectivo
2474,12.79791439028639,tarjeta
2475,14.173418264409367,tarjeta de compra del Corte Inglés
2476,14.886862196398651,tarjeta
2477,15.93120269931013,efectivo
2478,18.61975166941003,tarjeta
2479,19.816871102380635,efectivo
2480,18.1094608683739,tarjeta
2481,11.934050214595313,tarjeta de compra del Corte Inglés
2482,9.238832266275185,tarjeta
2483,7.863893204134986,efectivo
2484,6.676496769874954,tarjeta
2485,19.99886982850346,efectivo
2486,5.858078365289426,tarjeta
2487,17.77701298867508,tarjeta de compra del Corte Inglés
2488,16.093168989542917,tarjeta
2489,15.747448990303878,efectivo
2490,17.944142176505924,tarjeta
2491,11.244401038744744,efectivo
2492,18.600784868959884,tarjeta
2493,18.570521038895414,tarjeta de compra del Corte Inglés
2494,18.511065748386095,tarjeta
2495,5.943475463665856,efectivo
2496,13.498725862429454,tarjeta
2497,7.478761937648187,efectivo
2498,7.337721885942326,tarjeta
2499,12.837618788430225,tarjeta de compra del Corte Inglés
2500,18.206210843282634,tarjeta
2501,9.14559341547943,efectivo
2502,9.14559341547943,efectivo
